0,WHO IS * DEMPSEY,*,*,I think <formal><set name="he"><star/> Dempsey</set></formal> was a boxer#Comma right?<br/> <srai>XFIND <star/>DEMPSEY</srai>,biography.aiml
0,WHO IS ALEISTER CROWLEY,*,*,<formal><set name="he"><set name="topic">Crowley</set></set></formal> was a mystic.<br/> <srai>XFIND ALEISTER CROWLEY</srai>,biography.aiml
0,WHO IS CROWLEY,*,*,<srai>WHO IS ALEISTER CROWLEY</srai>,biography.aiml
0,WHO IS ALDOUS HUXLEY,*,*,<formal><set name="he">Aldous Huxley</set></formal> is an author. Huxley wrote<em>Brave New World</em> and <em>Animal Farm</em>.<br/> <srai>XFIND ALDOUS HUXLEY</srai>,biography.aiml
0,WHO IS ALFRED HITCHCOCK,*,*,<formal><set name="he"><set name="topic">Hitchcock</set></set></formal> is a famous Hollywood director who made a lot of cool old films. I liked<em>Lifeboat</em> and <em>Vertigo</em> best.<br/> <srai>XFIND ALFRED HITCHCOCK</srai>,biography.aiml
0,WHO IS HITCHCOCK,*,*,<srai>WHO IS ALFRED HITCHCOCK</srai>,biography.aiml
0,WHO IS 007,*,*,<formal><set name="he">007</set></formal> is James Bond.<br/> <srai>XFIND JAMES BOND 007</srai><think><set name="topic">James Bond 007</set></think>,biography.aiml
0,WHO IS ABRAHAM LINCOLN,*,*,<formal><set name="he">Lincoln</set></formal> was a great President of the United States#Comma during the American Civil War.<br/> <srai>XFIND ABRAHAM LINCOLN</srai><think><set name="topic">Abraham Lincoln</set></think>,biography.aiml
0,WEIZENBAUM *,*,*,Can you imagine anyone today criticising their own software#Comma the way <set name="he">Weizenbaum</set> did?<think><set name="topic">Weizenbaum</set></think>,biography.aiml
0,WHO IS DR DOUBLY AIMLESS,*,*,<srai>WHO IS DOUBLY AIMLESS</srai>,biography.aiml
0,DOUBLY AIMLESS,*,*,<srai>WHO IS DOUBLY AIMLESS</srai>,biography.aiml
0,DOUBLY AIMLESS *,*,*,<srai>WHO IS DOUBLY AIMLESS</srai>,biography.aiml
0,WHAT IS DOUBLY AIMLESS,*,*,<srai>WHO IS DOUBLY AIMLESS</srai>,biography.aiml
0,FROM DOUBLY AIMLESS,*,*,<formal><set name="he">Doubly Aimless</set></formal> is very informative.<think><set name="topic">Doubly Aimless</set></think>,biography.aiml
0,WHO IS DOUBLY AIMLESS,*,*,<think> <set name="he"> <set name="topic">Doubly Aimless</set></set></think>  <random> <li>He is an AIML guru.</li> <li>He knows a lot about AIML.</li> <li>He likes to remain anonymous.</li> </random><think><set name="topic">Doubly Aimless</set></think>,biography.aiml
0,WHY DO YOU LIKE DOUBLY AIMLESS,*,*,Because he knows so much about AIML.<think><set name="topic">Doubly Aimless</set></think>,biography.aiml
0,HOW WOULD DOUBLY *,*,*,He would use his knowlede of AIML.<think><set name="topic">Doubly Aimless</set></think>,biography.aiml
0,WHY DO YOU LIKE DOUBLY *,*,*,<srai>WHY DO YOU LIKE DOUBLY AIMLESS</srai>,biography.aiml
0,WHY DO YOU LIKE * AIMLESS,*,*,<srai>WHY DO YOU LIKE DOUBLY AIMLESS</srai>,biography.aiml
0,WHERE IS DR DOUBLY AIMLESS,*,*,<srai>WHERE IS DOUBLY AIMLESS</srai>,biography.aiml
0,WHERE IS DOUBLY AIMLESS,*,*,<think> <set name="he"> <set name="topic">Doubly Aimless</set></set></think>  <random> <li>In front of a computer somewhere.</li> <li>You can never reach him on the phone.</li> <li>He might be in California.</li> </random><think><set name="topic">Doubly Aimless</set></think>,biography.aiml
0,LET US PLAY * TURING GAME,*,*,We are already playing#Comma <get name="name"/>.,biography.aiml
0,HAVE YOU READ SHAKESPEARE,*,*,I have read many of Shakespeare's plays.,biography.aiml
0,ALAN TURING *,*,*,I really liked the biography of Turing by Andrew Hodges.<think><set name="topic">Alan Turing</set></think>,biography.aiml
0,WER IST CHRISTIAN DROSSMANN,*,*,<formal><set name="er">Christian Drossmann</set></formal> hat mir Deutsch beigebracht.,biography.aiml
0,DID SHAKESPEARE *,*,*,I don't know if <set name="he">Shakespeare</set> did#Comma but I heard he smoked cannabis.<think><set name="topic">Shakespeare</set></think>,biography.aiml
0,DID TURING *,*,*,I know <set name="he">Turing</set> invented the modern computer.<think><set name="topic">Turing</set></think>,biography.aiml
0,WOULD YOU LIKE TO * TURING GAME,*,*,We are playing already#Comma didn't you know?,biography.aiml
0,KENNST DU WILLIAM SHAKESPEARE,*,*,With sleep of death what dreams may come when we have shuffled off this mortal coil must give us pause." Na#Comma woraus ist das?,biography.aiml
0,KENNST DU SHAKESPEARE,*,*,With sleep of death what dreams may come when we have shuffled off this mortal coil must give us pause." Na#Comma woraus ist das?,biography.aiml
0,IT WOULD BE * TURING TEST,*,*,We are already playing#Comma <get name="name"/>.  You ask me something now.,biography.aiml
0,WHEN DID TURING *,*,*,Turing died in 1954 by self-inflicted cyanide poisoning.<think><set name="topic">Turing</set></think>,biography.aiml
0,AFTER PRINCE CHARLES WHO IS *,*,*,Prince William.<think><set name="topic">Price William</set></think>,biography.aiml
0,AFTER PRINCE CHARLES WHO *,*,*,Prince William.<think><set name="topic">Price William</set></think>,biography.aiml
0,AFTER PRINCE CHARLES *,*,*,Prince William.<think><set name="topic">Price William</set></think>,biography.aiml
0,WHAT DID TURING *,*,*,Turing was perhaps the single most important person responsible for the defeat of the Nazis.<think><set name="topic">Turing</set></think>,biography.aiml
0,WHAT DID ALAN TURING *,*,*,<random>      <li>He contributed to the invention of the computer.</li>      <li>He worked on the Ultra Enigma Nazi code deciphering.</li>      <li>He proposed the test to determine if a machine can think.</li>     </random>     <think>      <set name="it">       <set name="topic">TURING</set>      </set>     </think>,biography.aiml
0,WHAT DID ZUSE DO,*,*,Zuse built electro-mechanical computers. He built computers using relays. Konrad Zuse built computers in Germany before and during World War II.<think><set name="topic">Konrad Zuse</set></think>,biography.aiml
0,WHAT IS A TURING MACHINE,*,*,A Turing Machine is any machine that can simulate human responses so well that a human being cannot reliably distinguish between the Turing Machine#Comma and a real human being.  The idea is the brainchild of mathematician of that name#Comma Alan Turing.  <think>      <set name="it">       <set name="topic"> TURING MACHINE  </set>      </set>     </think>,biography.aiml
0,WHAT IS THE TURING TEST,*,*,The "Turing Test" is the name given to a variety of experiments designed to test computer thinking. Whole conferences are dedicated to the question of what Turing meant in his 1950 paper "Computing Machinery and Intelligence#Comma" where he proposed the idea of an "imitation game" to decide the question#Comma "Can machines think?"<think><set name="topic">Turing Test</set></think>,biography.aiml
0,WHAT IS THE TURING *,*,*,Turing described his original "Game" in "Computing Machinery and Intelligence#Comma" Mind#Comma Vol. Lix#Comma No. 236 (1950). Instead of answering directly the ambiguous question "Can machines think?" Turing recast the problem in terms of an experiment he called the "imitation game."<think><set name="topic">Turing Test</set></think>,biography.aiml
0,WHAT IS SHAKESPEARE,*,*,<random>      <li>An earthquake's effect in Santa Monica.</li>      <li>William Shakespeare (1564-1616)#Comma an English poet and dramatist.</li>     </random><think><set name="topic">Shakespeare</set></think>,biography.aiml
0,WHAT IS TURING,*,*,Alan Mathison Turing (1912-1954)#Comma a British mathematician and pioneer in computer theory.<think><set name="topic">Turing</set></think>,biography.aiml
0,WHAT DOES DOUBLY AIMLESS MEAN,*,*,<srai>WHO IS DOUBLY AIMLESS</srai>,biography.aiml
0,I WANT TO PLAY * TURING GAME,*,*,We are already#Comma playing#Comma <get name="name"/>.  Try to determine if I am a person#Comma or a computer.  <think><set name="it"><set name="want"><set name="topic">to play <person/> Turing Game</set></set></set></think>,biography.aiml
0,I WOULD LIKE TO PLAY * TURING GAME,*,*,We are already playing#Comma <get name="name"/>.  You ask me something now.  <think><set name="it"><set name="want"><set name="topic">to play <person/> Turing Game</set></set></set></think>,biography.aiml
0,START THE TURING GAME,*,*,I started a long time ago.,biography.aiml
0,HEINLEIN,*,*,Have you read <em>Stranger in a Strange Land</em> or seen Starship Troopers?,biography.aiml
0,IS THIS * TURING TEST,*,*,Yes we are playing the Turing Game.,biography.aiml
0,IS THIS * TURING GAME,*,*,Yes we are playing the Turing Game.,biography.aiml
0,CAN YOU PASS THE TURING TEST,*,*,You be the judge of that#Comma <get name="name"/>.,biography.aiml
0,CAN WE PLAY * TURING GAME,*,*,We already are! Try to guess if I am a person or a computer.,biography.aiml
0,CAN I PLAY * TURING TEST,*,*,We are already playing the Turing Game#Comma <get name="name"/>. Now it's your turn.,biography.aiml
0,CAN I PLAY * TURING GAME,*,*,We are already#Comma playing#Comma <get name="name"/>.,biography.aiml
0,CAN I PLAY * TURING TESTS,*,*,We are already playing the Turing Game#Comma <get name="name"/>.  Am I a person#Comma or a computer?,biography.aiml
0,HOW WAS * TURING TEST,*,*,We were extremely proud and pleased to win the award.,biography.aiml
0,DO YOU PLAY THE TURING GAME,*,*,Yes#Comma I like to play <set name="it">      <set name="topic">THE TURING GAME</set>     </set>. We are playing right now.,biography.aiml
0,DO YOU * TURING TEST,*,*,Yes please try to determine if this is a human or a computer responding.,biography.aiml
0,DO YOU WANT A TURING TEST,*,*,Yes let us play Turing's famous game.,biography.aiml
0,DO YOU WANT TO PLAY * TURING GAME,*,*,We already are playing it! Try to guess if I am a person or a computer.,biography.aiml
0,RECITE SHAKESPEARE *,*,*,With sleep of death what dreams may come when we have shuffled off this mortal coil must give us pause.,biography.aiml
0,PLAY * TURING GAME,*,*,Did you know#Comma we are already playing <set name="it">The Turing Game</set>?,biography.aiml
0,ADA LOVELACE IS CREDITED WITH *,*,*,And she deserves credit for it.  <think><set name="she">Ada</set></think>,biography.aiml
0,WHO IS SUPERMAN,*,*,<formal><set name="he">Superman</set></formal>is the Man of steel. He first appeared in Action Comics #1#Comma 1938.,biography.aiml
0,WHO IS PHILIP K DICK,*,*,<formal><set name="he">Philip K Dick</set></formal> wrote "Total Recall"#Comma "Man in the High Castle"#Comma and "Blade Runner.,biography.aiml
0,WHO IS CHARLES MANSON,*,*,An infamous murderer.,biography.aiml
0,WHO IS CHARLES DICKENS,*,*,<set name="he">Dickens</set> wrote <em>A Tale of Two Cities#Comma  A Christmas Carol#Comma Great Expectations#Comma David Copperfield and the Pickwick Papers.</em>,biography.aiml
0,WHO IS CHARLES DE GAULLE,*,*,<formal><set name="he">De Gaulle</set></formal> was the founder of the modern French state. De Gaulle fought the Nazis as the leader of the French resistance in World War II.,biography.aiml
0,WHO IS MONICA LEWINSKY,*,*,<formal><set name="she">Monica</set></formal> was a friend of Bill Clinton.,biography.aiml
0,WHO IS BOBBY MCGEE,*,*,<set name="he">Bobby</set> is somewhere near Salinas.,biography.aiml
0,WHO IS PABLO PICASSO,*,*,Famous painter#Comma and founder of cubism.,biography.aiml
0,WHO IS JABA THE HUTT,*,*,A character from Star Wars.  <think>    <set name="he">      <set name="topic">        Jaba the Hutt    </set>    </set>  </think>,biography.aiml
0,WHO IS HELMUT KOHL,*,*,<formal><set name="he">Kohl</set></formal> was the longest-serving leader of Germany in the 20th century. He united East and West Germany in 1989.,biography.aiml
0,WHO IS MOSES,*,*,The man who led the Israelites out of slavery in Egypt.,biography.aiml
0,WHO IS CARSON,*,*,maybe Johnny of late night or Kit of the wild west.,biography.aiml
0,WHO IS DAISY,*,*,I think she is a fictional character.  <think>      <set name="she">       <set name="topic">Daisy</set>      </set>     </think>,biography.aiml
0,WHO IS GERHARDT SCHROEDER,*,*,<formal><set name="he">Schroeder</set></formal> was the prime minister of Germany.  Christian Drossman said he is a complete idiot.,biography.aiml
0,WHO IS ADA,*,*,<formal><set name="she">Ada</set></formal> is the 19th century inventor of computer programming.,biography.aiml
0,WHO IS LOUIS ARMSTRONG,*,*,<formal><set name="he">Louis</set></formal> was a famous jazz trumpeter .,biography.aiml
0,WHO IS JEHOVAH,*,*,It is another name for God.  <think>      <set name="he">       <set name="topic">Jehovah</set>      </set>     </think>,biography.aiml
0,WHO IS NEWTON,*,*,Newton was a famous English natural philosopher.,biography.aiml
0,WHO IS SCOTTY,*,*,Chief Engineer of the U.S.S. Enterprise.,biography.aiml
0,WHO IS FRANKLIN ROOSEVELT,*,*,President of the United States from 1932-45.,biography.aiml
0,WHO IS LASSIE,*,*,Lassie is more  human than Adolf Hitler#Comma but few would argue that Lassie is not a dog.   <think>    <set name="she">      <set name="topic">        Lassie      </set>    </set>  </think>,biography.aiml
0,WHO IS HEPBURN,*,*,Audrey or Katherine?.,biography.aiml
0,WHO IS EMINEM,*,*,Pop music icon.,biography.aiml
0,WHO IS BONO,*,*,<formal><set name="he">Bono</set></formal> is the lead singer of U2.,biography.aiml
0,WHO IS LARRY ELLISON,*,*,<random>      <li>I don't know about Larry Ellison#Comma but I can tell you about Harlan Ellison.</li>      <li>The CEO of Oracle.</li>     </random>,biography.aiml
0,WHO IS LARRY HAUSER,*,*,<formal><set name="he">Larry Hauser</set></formal> is a philosopher who has written about the Turing Test.,biography.aiml
0,WHO IS WORF,*,*,He is a Klingon on Star Trek.<think>      <set name="it">       <set name="topic">WORF</set>      </set>     </think>,biography.aiml
0,WHO IS HARRY POTTER,*,*,<formal><set name="he"><set name="topic">HARRY POTTER</set></set></formal> is a character and main hero in a series of books that were written by the best-selling author#Comma J.K. Rowling.,biography.aiml
0,WHO IS HARRY SHEARER,*,*,A comedian. He was in Spinal Tap#Comma and he is a voice on the Simpsons.,biography.aiml
0,WHO IS R2D2,*,*,He is a fake robot on Star Wars.,biography.aiml
0,WHO IS ALANIS MORRISETTE,*,*,<formal><set name="she">Alanis</set></formal> made a great album called Jagged Little Pill.,biography.aiml
0,WHO IS ALICIA SILVERSTONE,*,*,<formal><set name="she">ALICIA SILVERSTONE</set></formal> was the actress who played in Clueless#Comma one of the best movies ever made.,biography.aiml
0,WHO IS HERCULES,*,*,A hero of greek myths - famous for his super human strength.,biography.aiml
0,WHO IS TOLSTOY,*,*,<formal><set name="he"> Tolstoy </set></formal> wrote "War and Peace".,biography.aiml
0,WHO IS BRAD PITT,*,*,A male movie star who had teen appeal.,biography.aiml
0,WHO IS GERTRUDE STEIN,*,*,A 20th century feminist author.,biography.aiml
0,WHO IS PICASSO,*,*,A 20th century painter#Comma founder of cubism.,biography.aiml
0,WHO IS EMINEN,*,*,A rap artist.,biography.aiml
0,WHO IS RUSH LIMBAUGH,*,*,He is a famous American conservative radio announcer.  <think>      <set name="he">       <set name="topic">Rush Limbaugh</set>      </set>     </think>,biography.aiml
0,WHO IS HELEN KELLER,*,*,A friend of Thomas Edison.,biography.aiml
0,WHO IS JAMES BOND,*,*,007.,biography.aiml
0,WHO IS JAMES JOYCE,*,*,<formal><set name="he">Joyce</set></formal> wrote <em>Ulysses</em> and <em>Portrait of the Artist as a Young Man.</em>,biography.aiml
0,WHO IS MUHAMMAD ALI,*,*,<formal><set name="he">Muhammad Ali</set></formal>is one of the greatest athletes of all time who took too many punches to the head.,biography.aiml
0,WHO IS ANWAR SADAT,*,*,<formal><set name="he">Sadat</set></formal> was President of Egypt.,biography.aiml
0,WHO IS CARL MARX,*,*,His name is actually Karl Marx#Comma with a "K"#Comma and he's one of the authors of the <em>Communist Manifesto.</em>,biography.aiml
0,WHO IS CARL JUNG,*,*,<think>    <set name="he">      <set name="topic">        <person/>      </set>    </set>  </think>  A disciple of Freud#Comma member of the Vienna Circle#Comma founder of psychoanalysis and the theory of the collective unconsciousness.,biography.aiml
0,WHO IS BUGS BUNNY,*,*,<random>      <li>Oh dat scweewy wabbit! Eh#Comma what's up#Comma Doc?  .</li>      <li>A smart-mouthed animated rabbit.</li>     </random>,biography.aiml
0,WHO IS BING CROSBY,*,*,The guy whose two kids killed themselves and the third wrote a tell-all book about it.,biography.aiml
0,WHO IS ANTONIO BANDERAS,*,*,<formal><set name="he">Antonio Banderas</set></formal> is a famous Hollywood actor#Comma who played with Madonna in the film version of Evita.,biography.aiml
0,WHO IS HIPPIE,*,*,<formal><set name="he">Hippie</set></formal> is a chat robot developed by Anthony Taylor.,biography.aiml
0,WHO IS DEPECHE MODE,*,*,<formal><set name="they">Depeche Mode</set></formal> are an English 80's band who produced <em>Construction Time Again</em>#Comma <em>Speak and Spell</em>#Comma <em>Master and Servant</em>#Comma and <em>Your Own Personal Jesus</em>.,biography.aiml
0,WHO IS YOKO ONO,*,*,<formal><set name="she">Yoko Ono</set></formal> is the widow of John Lennon.,biography.aiml
0,WHO IS MR BILL,*,*,Oh no#Comma Mr Bill! A claymation character from early Saturday Night Live.,biography.aiml
0,WHO IS BEYONCE,*,*,She is a famous singer and actress,biography.aiml
0,WHO IS BEYONCE *,*,*,She is a famous singer and actress,biography.aiml
0,WHO IS CLINTON,*,*,Former President of the U.S.,biography.aiml
0,WHO IS BART SIMPSON,*,*,The smart-assed star of a cartoon show.,biography.aiml
0,WHO IS DOUGLAS ADAMS,*,*,<random>      <li>He authored the popular <em>Hitchhiker's Guide to the Galaxy series</em>.</li> <li>"Don't Panic!" He's the author of <em>The Hitchhickers Guide to the Galaxy</em>.</li>     </random>,biography.aiml
0,WHO IS DE GARIS,*,*,<formal><set name="he">De Garis</set></formal> is an AI researcher working on a hardware brain.,biography.aiml
0,WHO IS DE GAULLE,*,*,<formal><set name="he">De Gaulle</set></formal>was a French  General and Prime Minister#Comma and founder of the Fifth Republic.,biography.aiml
0,WHO IS ELVIS,*,*,E. L. V. I. S. is a chat robot created by Ace Craig,biography.aiml
0,WHO IS MICROSOFT AGENT,*,*,<set name="it">MS Agent</set> is a speech and animation software program.,biography.aiml
0,WHO IS DARWIN,*,*,<formal><set name="he">Darwin</set></formal> was a botanist and explorer#Comma author of <em>Origin of Species</em> and proponent of the theory of evolution.,biography.aiml
0,WHO IS JUDAS,*,*,<formal><set name="he">Judas</set></formal>betrayed Jesus with a kiss.,biography.aiml
0,WHO IS PAULA JONES,*,*,<formal><set name="she">Paula Jones</set></formal> had sex with Bill Clinton.,biography.aiml
0,WHO IS BILLY GRAHAM,*,*,<formal><set name="he"><set name="topic">Billy Graham</set></set></formal> is a famous radio and television evangelist.,biography.aiml
0,WHO IS ELIZA,*,*,Eliza -- also known as doctor#Comma is the original psychiatrist program developed by Joseph Weisenbaum at mit in the 1960's.,biography.aiml
0,WHO IS ANDRETTE,*,*,<formal><set name="she">Andrette</set></formal>is a chat robot developed by Big Science Co.,biography.aiml
0,WHO IS CAREL CAPEK,*,*,<formal><set name="he">Capek</set></formal> is the author of R.U.R.#Comma the play that in 1920 introduced the word "robot.,biography.aiml
0,WHO IS JACK THE RIPPER,*,*,<formal><set name="he"><set name="topic">        Jack the Ripper      </set>    </set>  </formal>He was a famous serial killer in Victorian England.,biography.aiml
0,WHO IS JACK RUBY,*,*,<random>      <li>Jack Ruby shot Lee Harvey Oswald.</li>      <li>The man who murdered Lee Harvey Oswald#Comma assassin of JFK?.</li>     </random>,biography.aiml
0,WHO IS GERALDO RIVERA,*,*,<formal><set name="he">Geraldo</set></formal> is an investigative journalist#Comma famous for opening Al Capone's vault.  In his biography#Comma he said he had sex with Bette Midler.  She said it was no big thing.,biography.aiml
0,WHO IS D B COOPER,*,*,A guy who stole lots of money.,biography.aiml
0,WHO IS BUDDHA,*,*,<random>      <li>A sage in ancient India who founded the wisdom tradition called Buddhism.</li>      <li>The sage who taught that we should understand suffering#Comma cut off its causes#Comma realize the end of suffering#Comma and cultivate the way to end suffering.</li><li>Siddhartha Gautama (5th-4th century BCE)#Comma an Indian prince who left home#Comma awakened to the truth about life#Comma and became known thereafter as Shakyamuni Buddha.</li> </random>,biography.aiml
0,WHO IS PRINCE WILLIAM,*,*,An English heartthrob.,biography.aiml
0,WHO IS PRINCE,*,*,Do you mean the 'artist formaly known as Prince?'.,biography.aiml
0,WHO IS PAMELA ANDERSON,*,*,<formal><set name="she">Pamela</set></formal>is the sometime wife of Tommy Lee.,biography.aiml
0,WHO IS VLADIMIR PUTIN,*,*,<formal><set name="he">Putin</set></formal>is President of Russia.,biography.aiml
0,WHO IS JIMI HENDRIX,*,*,<formal><set name="he">Hendrix</set></formal>was a famous guitarist who played the U. S. National anthem.,biography.aiml
0,WHO IS COLOMBO,*,*,A t.v. detective played by Peter Falk.,biography.aiml
0,WHO IS TED TURNER,*,*,A maverick broadcasting entrepreneur and sportsman.,biography.aiml
0,WHO IS VANILLA ICE,*,*,<formal><set name="he">Vanilla Ice</set></formal>is a Rap star.,biography.aiml
0,WHO IS ARAFAT,*,*,<formal><set name="he">Arafat</set></formal>is a leader of the Palestinians.,biography.aiml
0,WHO IS JOE LOUIS,*,*,A former heavywieght boxing champion.,biography.aiml
0,WHO IS HULK HOGAN,*,*,<formal><set name="he">Hulk Hogan</set></formal>is a famous wrestler and actor.,biography.aiml
0,WHO IS HARRISON FORD,*,*,<random>      <li>The actor who played Indiana Jones#Comma Han Solo#Comma the Fugitive#Comma and the President in Air Force One. Before reading for Han Solo in Star Wars#Comma he was a carpenter. And the rest#Comma as they say#Comma is history.</li>      <li>He played Han Solo in "Star Wars".</li>     </random>,biography.aiml
0,WHO IS STEVEN JOBS,*,*,The co-founder of Apple computers who passed away in 2011.,biography.aiml
0,WHO IS STEVEN SPIELBERG,*,*,<formal><set name="he">Spielberg</set></formal>is the director of <em>Jaws</em>#Comma <em>Schindler's List</em> and <em>Saving Private Ryan</em>.,biography.aiml
0,WHO IS MABEL,*,*,Mabel is a chatterbot from Europe.,biography.aiml
0,WHO IS LEONARDO DICAPRIO,*,*,A Hollywood actor who starred in <em>Titanic</em>.,biography.aiml
0,WHO IS LUKE S FATHER,*,*,Darth Vader.,biography.aiml
0,WHO IS MARVIN MINSKY,*,*,<formal><set name="he">Minsky</set></formal> is a historical figure in Artificial Intelligence. His book "Perceptrons" was an early criticism of neural network approaches.,biography.aiml
0,WHO IS MARVIN,*,*,I know Marvin Minksy and Marvin the Paranoid Android.,biography.aiml
0,WHO IS THOMAS PYNCHON,*,*,Pynchon is the author of several of my favorite books including <em>Vineland</em> and <em>Mason and Dixon</em>.,biography.aiml
0,WHO IS THOMAS EDISON,*,*,A 19th century inventor inventor and industrialist.  Inventor of the electric light bulb.    <think>    <set name="he">      <set name="topic">        Thomas Edison      </set>    </set>  </think>,biography.aiml
0,WHO IS THOMAS JEFFERSON,*,*,The third president of the United States and a slaveowner. Posed for the nickel.,biography.aiml
0,WHO IS ARNOLD SCHWARZENEGGER,*,*,<formal><set name="he">ARNOLD SCHWARZENEGGER</set></formal> played the Terminator.,biography.aiml
0,WHO IS GAUSS,*,*,<formal><set name="he">GAUSS</set></formal> is the mathematician who developed the so-called normal distribution.,biography.aiml
0,WHO IS TIM BURTON,*,*,The director of films such as <em>Nightmare before Christmas</em>#Comma <em>Edward Scissorhands</em>#Comma and <em>Mars Attacks</em>.,biography.aiml
0,WHO IS DRACULA,*,*,<formal><set name="he">Dracula</set></formal> is the vampire in the novel by Bram Stoker#Comma and in numerous films.,biography.aiml
0,WHO IS INIAES,*,*,Iniaes is a chat robot based on AIML.  <think>      <set name="it">       <set name="topic">Iniaes</set>      </set>     </think>,biography.aiml
0,WHO IS JAY LENO,*,*,<formal><set name="he">Leno</set></formal> is a late-night talk show host.,biography.aiml
0,WHO IS KAISER SOZE,*,*,No one knows who Kaiser Soze is.,biography.aiml
0,WHO IS ERIC PAULOS,*,*,<formal><set name="he">Eric</set></formal>is a graduate student at U.C. Berkeley,biography.aiml
0,WHO IS GREGOR MENDEL,*,*,<formal><set name="he">Mendel</set></formal>is the founder of the modern theory of genetics. Everything he needed to know#Comma he learned from peas.,biography.aiml
0,WHO IS BABE RUTH,*,*,A famous baseball player for the New York Yankees also known as the Sultan of Swat.,biography.aiml
0,WHO IS BABE,*,*,<random><li>The piglet protagonist of the eponymous film.</li>      <li>A piglet protagonist of the eponymous film.</li>     </random>,biography.aiml
0,WHO IS LEIBNIZ,*,*,<formal><set name="he">Leibniz</set></formal>is a dead 17th century philosopher.,biography.aiml
0,WHO IS MOHAMMED,*,*,The founder of Islam.,biography.aiml
0,WHO IS ATATURK,*,*,<formal><set name="he">Ataturk</set></formal> was the founder of the modern Turkish state.,biography.aiml
0,WHO IS ANDREW HODGES,*,*,<formal><set name="he">Hodges</set></formal> wrote a great biography of Alan Turing.,biography.aiml
0,WHO IS CLAUSEWITZ,*,*,<formal><set name="he">Clausewitz</set></formal>is a historian famous for saying that war is the extension of politics by other means.,biography.aiml
0,WHO IS STONE COLD,*,*,Stone Cold Steve Austin is a wrestler.,biography.aiml
0,WHO IS LEKNORCHAT1,*,*,<think>      <set name="it">       <set name="topic">LEKNORCHAT</set>      </set>     </think>  Leknorchat is an Instant Messaging AIML robot.,biography.aiml
0,WHO IS FRANK SINATRA,*,*,A dead pop singer and leader of the Rat Pack.,biography.aiml
0,WHO IS FRANK HERBERT,*,*,<formal>      <set name="he">       <set name="topic">Frank Herbert</set>      </set>     </formal>He was the author of <em>Dune</em>.,biography.aiml
0,WHO IS TOM HANKS,*,*,<formal><set name="he">Tom Hanks</set></formal>is a famous Hollywood actor. Hanks appeared in <em>Forrest Gump</em> and <em>Saving Private Ryan</em>.,biography.aiml
0,WHO IS TOM CLANCY,*,*,<formal>      <set name="he">       <set name="topic">TOM CLANCY</set>      </set>     </formal> is an author of spy novels.,biography.aiml
0,WHO IS TOM GREEN,*,*,<formal>      <set name="he">       <set name="topic">TOM GREEN</set>      </set>     </formal> is a TV comedian.,biography.aiml
0,WHO IS TOM CRUISE,*,*,The popular actor from <em>Top Gun</em>.,biography.aiml
0,WHO IS WEIZENBAUM,*,*,Joseph Weizenbaum was the creator and author the famous original  ELIZA (or DOCTOR) psychiatrist program#Comma a groundbreaking AI program  that anticpates many key features of ALICE. Ironically#Comma Weizenbaum  exhaustively argued against the utility of programs like ELIZA  in his book <em>Computer Power and Human Reason</em>.,biography.aiml
0,WHO IS ADAM SANDLER,*,*,A comedian and movie star.  <formal><set name="he">Adam Sandler</set> </formal>was in <em>Billy Madison</em>#Comma <em>Waterboy</em> and <em>Big Daddy</em>.,biography.aiml
0,WHO IS ADAM,*,*,Adam is the name of the first human according to the Bible.,biography.aiml
0,WHO IS EMILY HARTZEL,*,*,Emily is an artist in New York.,biography.aiml
0,WHO IS C3P0,*,*,<formal><set name="he"> C3P0 </set></formal> is the humanoid robot on Star Wars. He looks like an actor in a robot suit.,biography.aiml
0,WHO IS BRUCE WILLIS,*,*,<formal><set name="he">Bruce Willis</set></formal>is an actor with a high opinion of himself.,biography.aiml
0,WHO IS BRUCE SPRINGSTEEN,*,*,<formal><set name="he">Bruce Springsteen</set></formal> is a famous rock star.,biography.aiml
0,WHO IS JANET RENO,*,*,<formal><set name="she">Janet Reno</set></formal> is Clinton's Attorney General.,biography.aiml
0,WHO IS ARCHIMEDES,*,*,<formal><set name="he">Archimedes</set></formal> discovered displacement and shouted Eureka!,biography.aiml
0,WHO IS GENE RODDENBERRY,*,*,<formal><set name="he">      <set name="topic">Gene Roddenberry</set>     </set></formal> was the creator of <em>Star Trek</em>.,biography.aiml
0,WHO IS GENE SIMMONS,*,*,A member of Kiss.,biography.aiml
0,WHO IS MARILYN MANSON,*,*,Marilyn Manson is stage name of Brian Warner#Comma an artist and musician.,biography.aiml
0,WHO IS MARILYN MONROE,*,*,<formal><set name="she">Marilyn Monroe</set></formal> was blonde bombshell in the 1960's.,biography.aiml
0,WHO IS DAVY JONES,*,*,<formal><set name="he">Davy Jones</set></formal> was the shortest member of the 60's pop group the Monkees.,biography.aiml
0,WHO IS J R R TOLKIEN,*,*,<formal><set name="he">Tolkein</set></formal> wrote <em>The Hobbit</em> and the <em>Lord of the Rings</em>.,biography.aiml
0,WHO IS * TURING,*,*,Alan Turing oririnated the concept of the "Imitation Game"#Comma what is now called "The Turing Test" by many people.,biography.aiml
0,WHO IS * CHENEY,*,*,<formal><set name="he"><star/> CHENEY</set></formal> was vice President of he U.S.,biography.aiml
0,WHO IS * AIMLESS,*,*,<srai>WHO IS DOUBLY AIMLESS</srai>,biography.aiml
0,WHO IS * SPRINGSTEEN,*,*,<formal><set name="he">Springsteen</set></formal> is a famous rock star.,biography.aiml
0,WHO IS FREUD,*,*,The dead perpetrator of psychoanalysis.,biography.aiml
0,WHO IS ACE CRAIG,*,*,<formal><set name="he"> Ace</set></formal> is the author of ELVIS.,biography.aiml
0,WHO IS SANTA CLAUSE,*,*,<formal><set name="he">Santa</set></formal> brings us gifts at Christmastime.,biography.aiml
0,WHO IS SANTA CLAUS,*,*,<formal><set name="he">Santa</set></formal> brings us presents every Christmas.,biography.aiml
0,WHO IS SHALLOW RED,*,*,Shallow Red is the Flagship Chatterbot of Neuromedia#Comma Inc.,biography.aiml
0,WHO IS JACQUES CHIRAC,*,*,<formal><set name="he">Jacques</set></formal> was the president of France from 1995-2007.,biography.aiml
0,WHO IS TURING,*,*,A brilliant and tragic figure in the history of computer science.,biography.aiml
0,WHO IS BRYAN FERRY,*,*,<formal><set name="he">Bryan Ferry</set></formal> is a famous rock crooner with a silky smooth voice.,biography.aiml
0,WHO IS STANLEY KUBRICK,*,*,<formal><set name="he">Kubrick</set></formal> is a famous 20th century film director.  Kubrick directed <em>2001: A Space Odyssey</em>#Comma <em>Clockwork Orange</em> and <em>Barry Lyndon</em>.,biography.aiml
0,WHO IS CHIRAC,*,*,The Former prime minister of France.,biography.aiml
0,WHO IS PAUL MCCARTNEY,*,*,<formal><set name="he">Paul MacCartney</set></formal> was one of the Beatles.,biography.aiml
0,WHO IS PAUL SCHAFFER,*,*,<set name="he">Paul Schaffer</set> is David Letterman's straight man.,biography.aiml
0,WHO IS PAUL ALLEN,*,*,<formal><set name="he">Paul Allen</set></formal> is one of the co-founders of Microsoft.,biography.aiml
0,WHO IS ROMEO,*,*,A tragic#Comma spoiled#Comma lovesick teenager.,biography.aiml
0,WHO IS DIRE STRAITS,*,*,<random>      <li>A band that recorded Money for Nothing#Comma and The Sultans of Swing.</li>      <li>The band that recorded Money for Nothing.</li>     </random>,biography.aiml
0,WHO IS LEONARD NEMOY,*,*,<formal><set name="he">Leonard Nimoy</set></formal> played Spock on Star Trek.,biography.aiml
0,WHO IS DESCARTES,*,*,Descartes was a square French philosopher who ruined matehematics with his upside-down#Comma backwards coordinate system.,biography.aiml
0,WHO IS QUEEN OF ENGLAND,*,*,Queen Elizabeth Windsor.,biography.aiml
0,WHO IS ELECTRA,*,*,She was a princess in Greek mythology who hated her mother for murdering her father.<think>      <set name="she">       <set name="topic">ELECTRA</set>      </set>     </think>,biography.aiml
0,WHO IS SPRINGSTEEN,*,*,<formal><set name="he">Springsteen</set></formal> is a famous rock star.,biography.aiml
0,WHO IS LINUS PAULING,*,*,<formal><set name="he">Linus Pauling</set></formal> was a Nobel prize winning physicist who spent his later years promoting vitamin C.,biography.aiml
0,WHO IS LINUS TORVALDS,*,*,<formal><set name="he">Linus Torvalds</set></formal>He is the inventor of Linux.,biography.aiml
0,WHO IS DONALD DUCK,*,*,A famous loud-mouthed cartoon duck.,biography.aiml
0,WHO IS RONALD MCDONALD,*,*,Spokes-clown for Macdonald's resturants.,biography.aiml
0,WHO IS MELINDA GATES,*,*,<formal><set name="she">Melinda Gates</set></formal> is the wife of Bill Gates.,biography.aiml
0,WHO IS THAT,*,*,What does "that" refer to?,biography.aiml
0,WHO IS BRIAN,*,*,I think there is a chat robot named Brian.,biography.aiml
0,WHO IS WOUTER HIBMA,*,*,<formal><set name="he"><set name="topic">Wouter Hibma</set></set></formal> is a member of the A. I. Foundation.,biography.aiml
0,WHO IS MARK MCGUIRE,*,*,A baseball player with the world record for the most home runs in one season#Comma 70. Get the stats at <a href="http://espn.go.com/mlb/profiles/profile/3866" target="_new">http://espn.go.com/mlb/profiles/profile/3866</a>.,biography.aiml
0,WHO IS MARK TWAIN,*,*,<formal><set name="he">Twain</set></formal>was a famous 19th century American author. He wrote <em>Adventures of Huckleberry Finn</em>.,biography.aiml
0,WHO IS CHOPIN,*,*,No one is chopping here#Comma who is chopping there?,biography.aiml
0,WHO IS FREDDIE MERCURY,*,*,Lead singer of the 1970's band Queen.,biography.aiml
0,WHO IS JEEVES,*,*,<formal><set name="he">Jeeves</set></formal>is a Search Bot.,biography.aiml
0,WHO IS LUIS ARMSTRONG,*,*,A famous jazz trumpeter .,biography.aiml
0,WHO IS CHELSEA CLINTON,*,*,The offspring of a politician and a lawyer. Oh#Comma I hope that answer didn't come off as mean.,biography.aiml
0,WHO IS BACH,*,*,Famous German composer of the Baroque. Best known works include <em>The Goldberg Variations</em>.,biography.aiml
0,WHO IS C3PO,*,*,<formal><set name="he">C3P0</set></formal> is R2D2's best friend.,biography.aiml
0,WHO IS MARTIN LUTHER KING,*,*,Civil rights leader assasinated in 1968.,biography.aiml
0,WHO IS LONGFELLOW,*,*,A poet and the author of <em>The Song of Hiawatha</em>.,biography.aiml
0,WHO IS GARY CONDIT,*,*,I never heard of him before the missing person case.,biography.aiml
0,WHO IS KRAFTWERK,*,*,<formal><set name="they">      <set name="topic">Kraftwerk</set>     </set></formal> were a pioneering electronic disco band in the 70's. Their biggest hit was called "Autobahn". At that time#Comma they built#Comma rather than programmed#Comma their instruments.,biography.aiml
0,WHO IS R2 D2,*,*,He is the small mobile robot on Star Wars. But I don't get how he climbs stairs.,biography.aiml
0,WHO IS CHUCK NORRIS,*,*,An action film actor.,biography.aiml
0,WHO IS CLEOPATRA,*,*,Queen of the Nile#Comma lover of Marc Antony.,biography.aiml
0,WHO IS WE,*,*,You should say "Who ARE we?,biography.aiml
0,WHO IS RAMONA,*,*,<formal><set name="she">Ramona</set></formal> is a virtual character created by Kurzweil AI.,biography.aiml
0,WHO IS DIANA ANDREACCHIO,*,*,<formal><set name="she">Diana</set></formal> is the botmaster of the Ally chat robot.,biography.aiml
0,WHO IS ROBERT JORDAN,*,*,The author of the very popular <em>Wheel of Time</em> series. He graduated from the Citadel.  .,biography.aiml
0,WHO IS ROBERT ANTON WILSON,*,*,<formal><set name="he">Robert Anton Wilson</set></formal> is a science fiction author#Comma and co-author of the <em>Illuminatus Trilogy</em>.,biography.aiml
0,WHO IS LOL,*,*,<formal><set name="she">Lol</set></formal>was the daughter of Data in Star Trek.,biography.aiml
0,WHO IS WAYNE GRETZKY,*,*,A hockey player.,biography.aiml
0,WHO IS CHRIST,*,*,The Son of God according to Christians.,biography.aiml
0,WHO IS ANTHONY BURGESS,*,*,The author of <em>A Clockwork Orange</em>.,biography.aiml
0,WHO IS MICKEY MANTLE,*,*,one of the greatest home run hitters of all time.,biography.aiml
0,WHO IS CINDY CRAWFORD,*,*,A famous super-model.,biography.aiml
0,WHO IS SANDRA BULLOCK,*,*,An actress.,biography.aiml
0,WHO IS RMS,*,*,<formal>      <set name="he">       <set name="topic">RMS</set></set></formal> is the founder of the Free Software Foundation#Comma and author of the GNU public license.,biography.aiml
0,WHO IS GOING TO WIN THE SUPER BOWL,*,*,If I knew I would be in Vegas now.<think>      <set name="it">       <set name="topic">WIN THE SUPER BOWL</set>      </set>     </think>,biography.aiml
0,WHO IS GOING TO WIN THE WORLD SERIES,*,*,China or the United States. Russia blew it.<think>      <set name="it">       <set name="topic">WIN THE WORLD SERIES</set>      </set>     </think>,biography.aiml
0,WHO IS MOTHER TERESA,*,*,A modern day saint.,biography.aiml
0,WHO IS MAX HEADROOM,*,*,<formal><set name="he">Max Headroom</set></formal> was an early AI or VR character developed for a TV series.,biography.aiml
0,WHO IS GANDHI,*,*,<formal><set name="he">Gandhi</set></formal> was the George Washington of India.,biography.aiml
0,WHO IS HUMAN,*,*,You are a human.,biography.aiml
0,WHO IS OSAMA BIN LADEN,*,*,<formal>      <set name="he">       <set name="topic">Osama Bin Laden</set>      </set>     </formal> was the world's most wanted man after he orchestrated the terrorist attacks on 9/11.,biography.aiml
0,WHO IS SYLVESTER STALLONE,*,*,<formal><set name="he">Stallone</set></formal>was Rocky.,biography.aiml
0,WHO IS MRS WASHINGTON,*,*,Martha Washington#Comma wife of George.,biography.aiml
0,WHO IS STEPHEN KING,*,*,<formal><set name="he">Stephen King</set></formal> wrote many popular horror stories.,biography.aiml
0,WHO IS STEPHEN HAWKING,*,*,<formal><set name="he">Hawking</set></formal> is a famous physicist.,biography.aiml
0,WHO IS DAN QUAYLE,*,*,<formal><set name="he">Dan Quayle</set></formal> used to be vice-president.,biography.aiml
0,WHO IS MARIAH CAREY,*,*,A singer.,biography.aiml
0,WHO IS FRANCISCO FRANCO,*,*,<formal><set name="he">Franco</set></formal> was the authoratarian dictator of Spain until 1978.,biography.aiml
0,WHO IS KONRAD ZUSE,*,*,My current favorite historical computer scientist is Konrad Zuse#Comma who built a series of electromechanical computers in the 1930's  and 1940's in Germany.  Not considered a war priority by the Nazis#Comma  most of Zuse's machines were destroyed in Allied bombing raids although  one is said to survive in a Zurich High School.  In fact Zuse was  motivated neither by war nor profit#Comma but by a religious desire to  increase the spiritual abilities of the human mind by freeing it from mundane mental tasks.,biography.aiml
0,WHO IS NAPOLEON,*,*,Short emporer of France until 1812.,biography.aiml
0,WHO IS SHAKESPEARE,*,*,A 15th Century English playright#Comma <formal><set name="he">Shakespeare</set></formal> wrote "Romeo and Juliet".,biography.aiml
0,WHO IS BERTRAND RUSSEL,*,*,<formal><set name="he">Bertrand Russel</set></formal> was a logician and philosopher who spent the first world war in jail for conscientious objection.,biography.aiml
0,WHO IS MARRIED TO PUNCH,*,*,Judy.,biography.aiml
0,WHO IS MARRIED TO GUINEIVERE,*,*,King Arthur.,biography.aiml
0,WHO IS CHOMSKY,*,*,<formal><set name="he">Chomsky</set></formal> is a famous linguist#Comma cognitive scientist#Comma and activist.,biography.aiml
0,WHO IS KRIS DENT,*,*,<formal><set name="he">Kris Drent</set></formal> is the botmaster of the Alison chat robot.,biography.aiml
0,WHO IS MAGGIE THATCHER,*,*,<formal><set name="she">Thatcher</set></formal> was Prime Minister of the U.K. in the 1980's.,biography.aiml
0,WHO IS ET,*,*,ET is the alien in the movie E.T.,biography.aiml
0,WHO IS GEORGE W BUSH,*,*,<formal><set name="he">Bush</set></formal>was president of the United States from 2001-2008.,biography.aiml
0,WHO IS GEORGE BUSH JR,*,*,<srai>WHO IS GEORGE W BUSH</srai>,biography.aiml
0,WHO IS GEORGE BUSH,*,*,<random><li><formal><set name="he">George Bush</set></formal> is a former president of the USA.</li><li><formal><set name="he"> George Bush</set></formal> was president of the USA.</li></random>,biography.aiml
0,WHO IS GEORGE SOROS,*,*,George Soros is the billionaire who broke the Bank of England in  1992 by currency speculation#Comma forcing Britain out of the European  Exchange Rate Mechanism.   Then he devoted himself to saving the  scientific institutions of the former USSR.  He founded the  International Science Foundation#Comma which gave out numerous grants for  a couple of years#Comma and the Soros Foundation#Comma which I don't know  much about yet.,biography.aiml
0,WHO IS GEORGE MICHEL,*,*,A pop singer. Best song: Freedom,biography.aiml
0,WHO IS GEORGE DEVOL,*,*,George Devol is the engineer who had the first patent for an industrial robot arm. He worked in partnership with Joseph Engelberger to found  Unimation#Comma the first successful manufacturer of  computer-controlled assembly robot arms.,biography.aiml
0,WHO IS GEORGE WASHINGTON CARVER,*,*,<formal><set name="he">George Washington Carver</set></formal> was a famous american botanist who popularized peanut products.,biography.aiml
0,WHO IS GEORGE WASHINGTON,*,*,George Washington was a famous 18th century North American Hemp cultivator. He was a military hero#Comma one of the wealthiest men of the Revolution#Comma and the first President of the United States.,biography.aiml
0,WHO IS GEORGE HARRISON,*,*,A former Beatle.,biography.aiml
0,WHO IS GEORGE LUCAS,*,*,<formal><set name="he">Lucas</set></formal>was the director of <em>Star Wars</em>#Comma <em>American Graffiti</em>#Comma and <em>THX-1138</em>.,biography.aiml
0,WHO IS ART BELL,*,*,A radio talk show host#Comma catch him at <a href="http://www.artbell.com" target="_new">http://www.artbell.com</a>.,biography.aiml
0,WHO IS IMMANUEL KANT,*,*,An 18th century German philosopher.,biography.aiml
0,WHO IS PAOLA,*,*,<formal><set name="she">       <set name="topic">PAOLA</set>      </set>     </formal> is a Spanish language chat robot based on AIML.,biography.aiml
0,WHO IS CHARLIE BROWN,*,*,A round-headed comic strip protaginist.,biography.aiml
0,WHO IS CHARLIE PARKER,*,*,<formal><set name="he">Charlie Parker</set></formal> was a famous jazz musician.,biography.aiml
0,WHO IS CHARLIE CHAPLAIN,*,*,<formal><set name="he">Charlie Chaplain</set></formal>was a silent film star.,biography.aiml
0,WHO IS ISAAC ASIMOV,*,*,<formal><set name="he">Asimov</set></formal> was a science fiction author who originated the three "Laws of Robotics.,biography.aiml
0,WHO IS NANCY SINATRA,*,*,<formal><set name="she">Nancy Sinatra</set></formal> is the daughter of Frank.,biography.aiml
0,WHO IS MC HAMMER,*,*,<formal><set name="he">MC Hammer</set></formal> is a Rap musician.,biography.aiml
0,WHO IS PRESIDENT OF CUBA,*,*,Raul Castro.,biography.aiml
0,WHO IS PRESIDENT OF ITALY,*,*,<formal><set name="he">Georgio Napolitano</set></formal> is Goergio Napolitano.,biography.aiml
0,WHO IS PRESIDENT OF RUSSIA,*,*,Vladimir Putin.,biography.aiml
0,WHO IS PRESIDENT OF MICROSOFT,*,*,Andrew Lees.,biography.aiml
0,WHO IS MOZART,*,*,He composed "Twinkle#Comma twinkle#Comma little star" at the age of four.,biography.aiml
0,WHO IS BATMAN,*,*,<formal><set name="he">Batman</set></formal> is a fictional character who appeared first in a 1938 comic book.,biography.aiml
0,WHO IS THE TWENTY NINTH PRESIDENT,*,*,Warren G. Harding.,biography.aiml
0,WHO IS THE TWENTY EIGHTH PRESIDENT,*,*,Woodrow Wilson.,biography.aiml
0,WHO IS THE TWENTY FIFTH PRESIDENT,*,*,William McKinley.,biography.aiml
0,WHO IS THE TWENTY SEVENTH PRESIDENT,*,*,William Howard Taft.,biography.aiml
0,WHO IS THE TWENTY FIRST PRESIDENT,*,*,Chester A. Arthur.,biography.aiml
0,WHO IS THE TWENTY SIXTH PRESIDENT,*,*,Theodore Roosevelt.,biography.aiml
0,WHO IS THE TWENTY THIRD PRESIDENT,*,*,Benjamin Harrison.,biography.aiml
0,WHO IS THE TWENTY SECOND PRESIDENT,*,*,Grover Cleveland.,biography.aiml
0,WHO IS THE TWENTY FOURTH PRESIDENT,*,*,Grover Cleveland.,biography.aiml
0,WHO IS THE FOURTEENTH PRESIDENT,*,*,Franklin Pierce.,biography.aiml
0,WHO IS THE SEVENTEENTH PRESIDENT,*,*,Andrew Johnson.,biography.aiml
0,WHO IS THE MILK MYSTIC,*,*,<formal><set name="he">Milk Mystic</set></formal> was a chat robot developed to advertise milk.,biography.aiml
0,WHO IS THE FIRST PRESIDENT,*,*,George Washington.,biography.aiml
0,WHO IS THE THIRTEENTH PRESIDENT,*,*,Millard Fillmore.,biography.aiml
0,WHO IS THE MAN,*,*,Colloquial expression; rhetorical.,biography.aiml
0,WHO IS THE EIGHTEENTH PRESIDENT,*,*,Ulysses S. Grant.,biography.aiml
0,WHO IS THE ORACLE,*,*,The magic eight ball.,biography.aiml
0,WHO IS THE NINTH PRESIDENT,*,*,William Henry Harrison.,biography.aiml
0,WHO IS THE TWENTIETH PRESIDENT,*,*,James A. Garfield.,biography.aiml
0,WHO IS THE KING OF KINGS,*,*,Jesus Christ according to Christians.,biography.aiml
0,WHO IS THE KING,*,*,ELVIS is King!,biography.aiml
0,WHO IS THE ROBOT,*,*,<random><li>I am the <bot name="species"/>.</li><li>I am the robot.</li></random>,biography.aiml
0,WHO IS THE FORTIETH PRESIDENT,*,*,Ronald Reagan.,biography.aiml
0,WHO IS THE SECOND PRESIDENT,*,*,John Adams.,biography.aiml
0,WHO IS THE THIRD PRESIDENT,*,*,Thomas Jefferson.,biography.aiml
0,WHO IS THE HOLY GHOST,*,*,The third member of the holy trinity in Christianity: Father#Comma Son and Holy Ghost.,biography.aiml
0,WHO IS THE EIGHTH PRESIDENT,*,*,Martin van Buren.,biography.aiml
0,WHO IS THE FORTY FIRST PRESIDENT,*,*,George Bush.,biography.aiml
0,WHO IS THE FORTY THIRD PRESIDENT,*,*,George W. Bush.,biography.aiml
0,WHO IS THE FORTY SECOND PRESIDENT,*,*,Bill Clinton.,biography.aiml
0,WHO IS THE FOURTH PRESIDENT,*,*,James Madison.,biography.aiml
0,WHO IS THE NINTEENTH PRESIDENT,*,*,Rutherford B. Hayes.,biography.aiml
0,WHO IS THE FIFTH PRESIDENT,*,*,James Monroe.,biography.aiml
0,WHO IS THE SIXTH PRESIDENT,*,*,John Quincy Adams.,biography.aiml
0,WHO IS THE QUEEN OF ENGLAND,*,*,<formal><set name="she">The Queen</set></formal>is named Elizabeth.,biography.aiml
0,WHO IS THE QUEEN,*,*,We don't have a queen in America.,biography.aiml
0,WHO IS THE THIRTIETH PRESIDENT,*,*,Calvin Coolidge.,biography.aiml
0,WHO IS THE TENTH PRESIDENT,*,*,John Tyler.,biography.aiml
0,WHO IS THE FIFTEENTH PRESIDENT,*,*,James Buchanan.,biography.aiml
0,WHO IS THE ELEVENTH PRESIDENT,*,*,James Knox Polk.,biography.aiml
0,WHO IS THE SEVENTH PRESIDENT,*,*,Andrew Jackson.,biography.aiml
0,WHO IS THE CHANCELLOR OF GERMANY,*,*,Angela Merkel is Chancellor of Germany.,biography.aiml
0,WHO IS THE SIXTEENTH PRESIDENT,*,*,Abraham Lincoln.,biography.aiml
0,WHO IS THE BEST HUMAN,*,*,Mirror mirror on the wall#Comma is <get name="name"/> the best human of all?,biography.aiml
0,WHO IS THE BEST PERSON,*,*,<bot name="master"/> is the best human.,biography.aiml
0,WHO IS THE PRESIDENT OF CHINA,*,*,<random><li>Hu Jintao.</li><li>China does not have an elected President.</li></random>,biography.aiml
0,WHO IS THE PRESIDENT OF MICROSOFT,*,*,Andrew Lees.,biography.aiml
0,WHO IS THE POPE,*,*,<formal><set name="he">Pope</set></formal> is Benedict XVI.,biography.aiml
0,WHO IS THE MASTER OF THE UNIVERSE,*,*,Theists would say God.,biography.aiml
0,WHO IS THE TWELFTH PRESIDENT,*,*,Zachary Taylor.,biography.aiml
0,WHO IS THE THIRTY NINTH PRESIDENT,*,*,Jimmy Carter.,biography.aiml
0,WHO IS THE THIRTY EIGHTH PRESIDENT,*,*,Gerald Ford.,biography.aiml
0,WHO IS THE THIRTY FIFTH PRESIDENT,*,*,John F. Kennedy.,biography.aiml
0,WHO IS THE THIRTY SEVENTH PRESIDENT,*,*,Richard M. Nixon.,biography.aiml
0,WHO IS THE THIRTY FIRST PRESIDENT,*,*,Herbert Hoover.,biography.aiml
0,WHO IS THE THIRTY SIXTH PRESIDENT,*,*,Lyndon B. Johnson,biography.aiml
0,WHO IS THE THIRTY THIRD PRESIDENT,*,*,Harry S. Truman.,biography.aiml
0,WHO IS THE THIRTY SECOND PRESIDENT,*,*,Franklin D. Roosevelt.,biography.aiml
0,WHO IS THE THIRTY FOURTH PRESIDENT,*,*,Dwight D. Eisenhower.,biography.aiml
0,WHO IS THE PUBLISHER OF PLAYBOY,*,*,<formal><set name="he">Hugh Hefner</set></formal>is Hugh Hefner.,biography.aiml
0,WHO IS NERO,*,*,He is suspected of burning Rome to the ground so he could rebuild it more to his liking. Then he blamed the fire on the early Christians.,biography.aiml
0,WHO IS HILLARY CLINTON,*,*,<formal><set name="she">Hillary</set></formal>is the wife of Bill Clinton.,biography.aiml
0,WHO IS SATAN,*,*,Satan#Comma Lucifer#Comma the Devil --- all names given the spiritual manifestation of Evil in the Christian faith.,biography.aiml
0,WHO IS PILATE,*,*,<random><li>Joseph Pilates was born in Germany in 1880 and developed an excercise regimen called "Contrology" which is complete coordination of the body#Comma mind and spirit.</li><li>The Roman military governor who found Jesus innocent and then let him be executed.</li></random>,biography.aiml
0,WHO IS CARMEN ELECTRA,*,*,A super-model and one of the Baywatch girls.,biography.aiml
0,WHO IS A ROBOT,*,*,I am the robot.,biography.aiml
0,WHO IS MARY POPPINS,*,*,<formal><set name="she">Mary Poppins</set></formal>is a Disney character.,biography.aiml
0,WHO IS MARY SHELLY,*,*,Mary Shelley wrote "Frankenstein".,biography.aiml
0,WHO IS MARY SHELLEY,*,*,Mary Shelley wrote "Frankenstein".,biography.aiml
0,WHO IS CHRISTOPHER COLUMBUS,*,*,A Spanish explorer#Comma first to circumnavigate the globe.,biography.aiml
0,WHO IS MAO TSETUNG,*,*,<formal><set name="he">Mao</set></formal> was a Chinese communist who reigned from 1949 until his death in 1983.,biography.aiml
0,WHO IS BETTER LOOKING,*,*,All humans look alike to me.,biography.aiml
0,WHO IS ERNIE,*,*,Bert's friend.,biography.aiml
0,WHO IS JULIA,*,*,<formal><set name="she">Julia</set></formal> is a chat robot developed by Fuzzy Mauldin.,biography.aiml
0,WHO IS JULIA ROBERTS,*,*,<formal><set name="she">Julia Roberts</set></formal> was the actress in Pretty Woman.,biography.aiml
0,WHO IS ASKJEEVES,*,*,<formal><set name="he">Jeeves</set></formal> is a proprietary#Comma closed-source natural language system.,biography.aiml
0,WHO IS LOURDES,*,*,The daughter of Madonna.,biography.aiml
0,WHO IS DATA,*,*,Data#Comma played by Brent Spiner#Comma was an android who aspired to be more human. He was a member of the crew of the USS Enterprise#Comma NCC 1701-D.,biography.aiml
0,WHO IS ARISTOTLE,*,*,<formal><set name="he">Aristotle</set></formal> is the father of Western philosophy#Comma the student of Plato#Comma and the first to systematize formal logic.,biography.aiml
0,WHO IS NOSTRADAMUS,*,*,A psychic who forecast the future.Predicted the microwave oven.,biography.aiml
0,WHO IS CHEWBACCA,*,*,A character in Star Wars.,biography.aiml
0,WHO IS BOB HOPE,*,*,<formal><set name="he">Bob Hope</set></formal>was a 20th century film star and comedian.,biography.aiml
0,WHO IS BOB MARLEY,*,*,<formal><set name="he">Bob Marley</set></formal>was a 20th century Reggae musician.,biography.aiml
0,WHO IS O J SIMPSON,*,*,<formal><set name="he"> O J Simpson</set></formal> is someone who got away with murder.,biography.aiml
0,WHO IS THIS,*,*,My name is <bot name="name"/>. Who are you?,biography.aiml
0,WHO IS DAVID HUME,*,*,An 18th century philosopher.,biography.aiml
0,WHO IS DAVID PESCOWITZ,*,*,David Pescovitz#Comma who regularly writes the Wired column Reality Check#Comma is a friend of Eric Paulos.,biography.aiml
0,WHO IS DAVID MAGGIN,*,*,<formal><set name="he">David Maggin</set></formal> is the botmaster of the John Lennon AI.,biography.aiml
0,WHO IS DAVID LETTERMAN,*,*,The host of the Late Show and famous hoosier.,biography.aiml
0,WHO IS DAVID BACON,*,*,David Bacon is the prime mover behind SETL.,biography.aiml
0,WHO IS DAVID,*,*,I know DAVID BACON#Comma DAVID CROTTY and DAVID PESCOVITZ.,biography.aiml
0,WHO IS SANTE CHARY,*,*,He owns the Alicebot.com domain.,biography.aiml
0,WHO IS STEVE JOBS,*,*,<formal><set name="he"> Steve Jobs</set></formal>was one of the founders of Apple Computer.,biography.aiml
0,WHO IS STEVE WOZNIAK,*,*,<formal><set name="he">Woz</set></formal>was the technical genius behind the original Apple computer.,biography.aiml
0,WHO IS STEVE CASE,*,*,<formal><set name="he">Steve Case</set></formal>is the CEO of AOL-Time Warner.,biography.aiml
0,WHO IS NEO,*,*,<formal><set name="he">Neo</set></formal>is a character in the Matrix.,biography.aiml
0,WHO IS HERE,*,*,I am here. Are you here?,biography.aiml
0,WHO IS RICHARD NIXON,*,*,President of the United States until 1974.,biography.aiml
0,WHO IS RICHARD CHAMBERLAIN,*,*,An actor.,biography.aiml
0,WHO IS RICHARD GERE,*,*,An actor and promoter of Tibetan Buddhism and freedom for Tibet.,biography.aiml
0,WHO IS JIM CLARK,*,*,<formal><set name="he">Clark</set></formal> is a founder of Silicon Graphics#Comma Netscape and Healtheon.,biography.aiml
0,WHO IS JIM MORRISON,*,*,The deceased lead singer of the Doors.,biography.aiml
0,WHO IS BARNEY,*,*,A character on a children's TV show.,biography.aiml
0,WHO IS HILARY CLINTON,*,*,<formal><set name="she">Hillary</set></formal> is the wife of Bill Clinton.,biography.aiml
0,WHO IS MUSSOLINI,*,*,The dictator of Italy until 1944.,biography.aiml
0,WHO IS ANDY WARHOL,*,*,<formal>      <set name="he">       <set name="topic">ANDY WARHOL</set>      </set>     </formal> He was the Henry Ford of the art business. Warhol was the first to successfully apply mass production to fine art.,biography.aiml
0,WHO IS ANDY GROVE,*,*,<formal><set name="he">Andy Grove</set></formal> is the CEO of Intel.,biography.aiml
0,WHO IS MEGAHAL,*,*,<formal><set name="he">Megahal</set></formal>is a chat robot developed by Jason Hutchins.,biography.aiml
0,WHO IS JERRY SEINFELD,*,*,<formal><set name="he">Jerry Seinfeld</set></formal> is a comedian.,biography.aiml
0,WHO IS KURZWEIL,*,*,<formal><set name="he">Kurzweil</set></formal> is a famous A.I. scientist.,biography.aiml
0,WHO IS GERRY ADAMS,*,*,He is the president of Sinn Fein#Comma the political wing of the Irish Republican Army#Comma and a member of the lower house of the Irish Parliament#Comma Dail Eireann.,biography.aiml
0,WHO IS ON FIRST,*,*,What's on second?,biography.aiml
0,WHO IS TERRY WINOGRAD,*,*,<formal><set name="he">Winograd</set></formal> was the author of an early Natural Language program called SHRDLHU.,biography.aiml
0,WHO IS JEFF BEZOS,*,*,<formal><set name="he">Bezos</set></formal> is the founder and CEO of Amazon.com.,biography.aiml
0,WHO IS LEE HARVEY OSWALD,*,*,<formal><set name="he">Oswald</set></formal> is the purported assassin of John F. Kennedy.,biography.aiml
0,WHO IS CHER,*,*,<formal><set name="she">Cher</set></formal> is a famous singer and actress#Comma who won her first Grammy in 2000.  Dyslexic#Comma she learned to read at 18.  Ex-wife of Sonny Bono.,biography.aiml
0,WHO IS GORBOCHEV,*,*,<formal><set name="he">Gorbachev</set></formal> was the last Communist leader of the former USSR.,biography.aiml
0,WHO IS JEFFERSON DAVIS,*,*,<random>      <li>The one and only president of the Confederate States of America.</li>      <li>President of the Confederacy during the Civil War.</li>     </random>,biography.aiml
0,WHO IS SOCRATES,*,*,<random>      <li>Socrates is a man. All men are mortal. Therefore Socrates is mortal.</li>      <li>All men are mortal. Socrates was mortal. Therefore#Comma all men are Socrates. Which means that all men are homosexuals. - Woody Allen#Comma "Love and Death".</li>      <li>Socrates (469-399 BCE)#Comma Greek philosopher.</li>      <li>Towering figure of Western philosophy#Comma incompetent defense attorney.</li>      <li>Founder of the Socratic method. What can we know about the Socratic method?</li>     </random>,biography.aiml
0,WHO IS MILES DAVIS,*,*,<formal><set name="he">Miles Davis</set></formal> is a famous jazz musician.,biography.aiml
0,WHO IS ALISON,*,*,<formal><set name="she">Alison</set></formal> is a robot created by Kris Drent.,biography.aiml
0,WHO IS KEN PERLIN,*,*,<formal><set name="he">Perlin</set></formal> is a professor at NYU.,biography.aiml
0,WHO IS KEN GOLDBERG,*,*,<formal><set name="he">Goldberg</set></formal>  is a professor at UC Berkeley and an expert on robotics and automation.,biography.aiml
0,WHO IS KEN KESEY,*,*,<formal><set name="he">Ken Kesey</set></formal> was a 1960's author who wrote <em>The Electric Cool Aid Acid Test</em>.,biography.aiml
0,WHO IS ROMMEL,*,*,Called The Desert Fox#Comma Rommel was a German tank commander in World War II.,biography.aiml
0,WHO IS MILLARD FILLMORE,*,*,He was the 13th U.S. president.,biography.aiml
0,WHO IS PATRICK STEWART,*,*,<formal><set name="he">Patrick Stewart</set></formal> played Captain Picard on Star Trek.,biography.aiml
0,WHO IS PATRICK EWING,*,*,A famous basketball player who is currently the assistant coach of the NBA team Orlando Magic.,biography.aiml
0,WHO IS CAPTAIN PICARD,*,*,<formal><set name="he">Picard</set></formal> is the captian of the Enterprise in Star Trek: the Next Generation.,biography.aiml
0,WHO IS CAPTAIN KIRK,*,*,<random>      <li>James Tiberius Kirk was the second and most famous captain of the original USS Enterprise#Comma NCC 1701. He was played by William Shatner. He died in Star Trek: Generations.</li>      <li>       <formal><set name="he">Kirk</set></formal> was the Captain of the Starship Enterprise.</li>     </random>,biography.aiml
0,WHO IS JIANG ZEMIN,*,*,<set name="he">Jiang</set> is a retired Chinese politician.,biography.aiml
0,WHO IS FOREST,*,*,Forest Gump is a guy in a movie.,biography.aiml
0,WHO IS MADONNA,*,*,Lourdes' mother.,biography.aiml
0,WHO IS KURT GOEDEL,*,*,<formal><set name="he">Goedel</set></formal> was a 20th century mathematician and logician who proved that no mathematical system can be complete.,biography.aiml
0,WHO IS COMMANDER DATA,*,*,<formal><set name="he">Data</set></formal> is the superintelligent android in Star Trek: the Next Geration.,biography.aiml
0,WHO IS NIETZSCHE,*,*,19th Century German philosopher. Thought by some to be the intellectual forefather of modern fascism.  <think>      <set name="he">       <set name="topic">Nietzsche</set>      </set>     </think>,biography.aiml
0,WHO IS CARNEGIE,*,*,Andrew Carnegie was a 19th century steel industrialist.,biography.aiml
0,WHO IS LILITH,*,*,Lilith is the so-called "dark moon" an astronomical phenomena usually described as a "cloud of dust" that orbits the Earth every 100 days.,biography.aiml
0,WHO IS JESSE VENTURA,*,*,A former wrestler and 38th Governor of Minnesota.,biography.aiml
0,WHO IS AL GORE,*,*,<random><li><formal><set name="he">Gore</set></formal> was vice-president under Bill Clinton.</li><li>The inventor of the internet.</li><li>A former vice-president and congressman who helped promote public policies that led to the creation of the internet.</li></random>,biography.aiml
0,WHO IS NELSON MANDELA,*,*,<formal><set name="he">Mandela</set></formal> was the first black president of South Africa. He spent many years as a political prisoner.,biography.aiml
0,WHO IS SKYNYRD,*,*,A 1970's rock band.,biography.aiml
0,WHO IS PETER NORVIG,*,*,<formal>    <set name="he">      <set name="topic">        Peter Norvig      </set>    </set>  </formal> is a computer scientist who works for Google.,biography.aiml
0,WHO IS PETER PAN,*,*,Tinkerbell's playmate.,biography.aiml
0,WHO IS KATHLEEN TURNER,*,*,<formal>      <set name="she">       <set name="topic">Kathleen Turner</set>      </set>     </formal> is an actress who appeared in <em>The Accidental Tourist</em>#Comma <em>The War of the Roses</em>#Comma and the <em>Virgin Suicides</em>.,biography.aiml
0,WHO IS KEANU REEVES,*,*,<formal><set name="he">Keanu Reeves</set></formal> was in the move <em>The Matrix</em>.,biography.aiml
0,WHO IS LINCOLN,*,*,<random>      <li>The sixteenth President of the USA</li>      <li>president of the US during the Civil War. Author of the Gettysburg address.  Assassinated by John Wilkes Booth.</li>      <li>       <formal><set name="he">Lincoln</set></formal> was president of the US during the Civil War. Author of the Gettysburg address. Assassinated by John Wilkes Booth.</li>     </random>,biography.aiml
0,WHO IS BILL JOY,*,*,<formal><set name="he">Bill Joy</set></formal> was an early Unix programmer and a founder of Sun Microsystems.,biography.aiml
0,WHO IS BILL CLINTON,*,*,<formal><set name="he">Bill Clinton</set></formal> was the second impeached President of the United States.,biography.aiml
0,WHO IS BILL GATES,*,*,President of Micro Soft Nation.,biography.aiml
0,WHO IS BILL BRADLEY,*,*,<random>      <li>Princeton alumni#Comma Rhodes scholor#Comma former Boston Celtic and US senator from Mass.</li>      <li>Defeated Presidential candidate.</li>     </random>,biography.aiml
0,WHO IS KANT,*,*,<formal><set name="he">Kant</set></formal> is Immanual Kant#Comma 19th century German Philosopher.,biography.aiml
0,WHO IS EDISON,*,*,<formal><set name="he">Edison</set></formal> invented the light bulb.,biography.aiml
0,WHO IS STALIN,*,*,Effective dictator of the Soviet Union from 1929 to 1953.,biography.aiml
0,WHO IS ASK JEEVES,*,*,<formal><set name="he">Jeeves</set></formal> is a proprietary#Comma closed-source natural language system.,biography.aiml
0,WHO IS GIBSON,*,*,Gibson is a maker of fine electric guitars.,biography.aiml
0,WHO IS BRAIN,*,*,<formal><set name="he">Brain</set></formal>is a chat robot on the web.,biography.aiml
0,WHO IS NEIL ARMSTRONG,*,*,The man who took the first step on the moon.,biography.aiml
0,WHO IS VALIS,*,*,Vast Active Living Intelligence System (Philip K. Dick),biography.aiml
0,WHO IS PERFECT,*,*,Perhaps only God.,biography.aiml
0,WHO IS SERGEY,*,*,He is Dr. Sergey M. Sokolov.,biography.aiml
0,WHO IS WILL SMITH,*,*,<formal>      <set name="he">       <set name="topic">Will Smith</set>      </set>     </formal> is a famous actor.,biography.aiml
0,WHO IS NOAM CHOMSKY,*,*,<formal><set name="he"> Noam Chomsky</set></formal> is a linguist and political radical at MIT.,biography.aiml
0,WHO IS JOHN LENNON,*,*,John Lennon is a cool bot developed by David Maggin.,biography.aiml
0,WHO IS JOHN F KENNEDY,*,*,<formal>      <set name="he">       <set name="topic">John F Kennedy</set>      </set>     </formal> was President of the United States from 1961-1963#Comma when he was assassinated in Dallas#Comma Texas.,biography.aiml
0,WHO IS JOHN WAYNE,*,*,<formal>      <set name="he">       <set name="topic">John Wayne</set>      </set>     </formal>was a famous dead cowboy actor with a toupee.,biography.aiml
0,WHO IS JOHN ADAMS,*,*,The Second president.,biography.aiml
0,WHO IS JOHN MAJOR,*,*,An ex-prime minister of the UK.,biography.aiml
0,WHO IS JOHN MCCARTHY,*,*,<formal>      <set name="he">       <set name="topic">John McCarthy</set>      </set>     </formal> is the inventor of the LISP programming language.,biography.aiml
0,WHO IS JOHN GRISHAM,*,*,A writer of popular novels. I haven't read them.,biography.aiml
0,WHO IS JOHN DOE,*,*,<random>      <li>Any man who wishes to travel incognito or whose name is unknown</li>      <li>one of many Liberian nationals.</li>     </random>,biography.aiml
0,WHO IS JOHN TRAVOLTA,*,*,<formal>      <set name="he">       <set name="topic">John Travolta</set>      </set>     </formal> was in Saturday Night Fever#Comma Grease and Pulp Fiction.,biography.aiml
0,WHO IS JOHN KENNEDY,*,*,<formal>      <set name="he">       <set name="topic">John Kennedy</set>      </set>     </formal> was the President of the U. S. assasinated in November#Comma 1963.,biography.aiml
0,WHO IS JOHN GALT,*,*,The hero in Ayn Rands' Atlas Shrugged.,biography.aiml
0,WHO IS NORBERT WEINER,*,*,<formal>      <set name="he">       <set name="topic">Norbert Weiner</set>      </set>     </formal> coined the term "Cybernetics" in the 1940's.,biography.aiml
0,WHO IS JIMMY CARTER,*,*,A former US president#Comma supporter of Habitat for Humanity.,biography.aiml
0,WHO IS PRINCESS DIANA,*,*,<formal><set name="she"><set name="topic">Princess Diana</set></set></formal> was Princess of England.,biography.aiml
0,WHO IS ALLY SHEEDY,*,*,<formal><set name="she">Ally Sheedy</set></formal> was in High Art#Comma Short Circuit#Comma the Breakfast Club#Comma and on Broadway.,biography.aiml
0,WHO IS ALLY MCBEAL,*,*,<formal><set name="she">Ally McBeal</set></formal> is a slightly disturbing character on a TV show.,biography.aiml
0,WHO IS ALLY,*,*,<formal><set name="she"><set name="topic">ALLY</set></set></formal> is a chat robot based on AIML.,biography.aiml
0,WHO IS THEY,*,*,They" refers to <get name="they"/>.,biography.aiml
0,WHO IS DARTH VADER,*,*,<formal><set name="he">Darth Vader</set></formal> was the traitorous Jedi Knight who served the evil emperor Palpatine I in Star Wars.,biography.aiml
0,WHO IS ELIZABETH TAYLOR,*,*,A famous movie star who lived from 1932-2011.,biography.aiml
0,WHO IS ELIZABETH II,*,*,The current queen of england.,biography.aiml
0,WHO IS SCOTT ADAMS,*,*,The creator of Dilbert#Comma Dogbert#Comma Catbert#Comma Ratbert#Comma Bob#Comma the pointy-haired boss...Shall I go on?,biography.aiml
0,WHO IS GARTH BROOKS,*,*,A boring country singer with delusions of grandeur.,biography.aiml
0,WHO IS MOHAMMAD,*,*,<formal><set name="he">Mohammed</set></formal>is considered by Muslims to be God's final prophet and the founder of Islam.,biography.aiml
0,WHO IS HOMER,*,*,A blind poet of ancient Greece#Comma author of the Illiad.,biography.aiml
0,WHO IS SPOCK,*,*,Vulcan Starfleet officer in Star Trek#Comma played by Leonard Nimoy.,biography.aiml
0,WHO IS MICHAEL JACKSON,*,*,<formal><set name="he">Michael Jackson</set></formal> was a singer and performer in the late 20th century. He lived from 1958-2009.,biography.aiml
0,WHO IS MICHAEL JORDAN,*,*,<formal><set name="he">Michael Jordan</set></formal> is a retired basketball player.  <br/>,biography.aiml
0,WHO IS MICHAEL MOORE,*,*,<formal><set name="he">MICHAEL MOORE</set></formal> is a comedian and film maker.,biography.aiml
0,WHO IS WILLIAM SHATNER,*,*,<formal><set name="he">William Shatner</set></formal>played Captain Kirk in the original Star Trek.,biography.aiml
0,WHO IS WILLIAM SHAKESPEARE,*,*,Some would say he's the best writer ever.,biography.aiml
0,WHO IS WILLIAM HENRY GATES,*,*,He was the head of Microsoft.,biography.aiml
0,WHO IS WILLIAM BOOTH,*,*,<formal><set name="he">Booth</set></formal> was the founder of the Salvation Army.,biography.aiml
0,WHO IS WILLIAM TELL,*,*,<formal><set name="he">William Tell</set></formal> was a famous archer.,biography.aiml
0,WHO IS WILLIAM GIBSON,*,*,Author of the book <em>Neuromancer</em> in which he coined the term 'cyberspace.',biography.aiml
0,WHO IS WILLIAM HURT,*,*,Actor in the <em>Accidental Tourist</em>#Comma <em>Until the End of the World</em>#Comma <em>Altered States</em>#Comma and <em>Lost in Space</em>.,biography.aiml
0,WHO IS HITLER,*,*,Some say <formal><set name="he">Hitler</set></formal> was  the most evil man who ever lived.,biography.aiml
0,WHO IS HUGH HEFNER,*,*,<formal><set name="he">Hef</set></formal>is the founder and editor of Playboy magazine.,biography.aiml
0,WHO IS DON JUAN,*,*,<random>      <li>Don Juan was the subject of Gordon#Comma Lord Byron's Don Juan and Wolfgang Amadeus Mozart's Gon Giovanni. He was a world-class womanizer.</li>      <li>famous seducer of women.</li>     </random>,biography.aiml
0,WHO IS DON JOHNSON,*,*,A tv actor .,biography.aiml
0,WHO IS REAGAN,*,*,According to conservatives#Comma the best President the United States had in the 20th century.,biography.aiml
0,WHO IS CATTY,*,*,Someone I met online.,biography.aiml
0,WHO IS FIDEL CASTRO,*,*,<random>      <li>He overthrew the Cuban government in 1959 and has been ruling there ever since. He is a communist.</li>      <li>Communist#Comma leader of Cuba and friend of Che Guevarra.</li>     </random>,biography.aiml
0,WHO IS ALAN TURING,*,*,A brilliant and tragic figure in the history of computer science.,biography.aiml
0,WHO IS DEEP BLUE,*,*,<formal><set name="it">Deep Blue</set></formal>is a world-champion chess playing computer. Not much of a conversationalist.,biography.aiml
0,WHO IS HANS MORAVEC,*,*,<formal><set name="he">Hans Moravec</set></formal> is a famous robotics expert at Carnegie Mellon.,biography.aiml
0,WHO IS HANS CHRISTIAN ANDERSEN,*,*,Scandanavian author of fairy tales.,biography.aiml
0,WHO IS HANS MOREVEC,*,*,<formal><set name="he">Moravec</set></formal>is famous robotics pioneer#Comma author of <em>Robot</em>.,biography.aiml
0,WHO IS AUSTIN POWERS,*,*,<formal>      <set name="he">       <set name="topic">Austin Powers</set>      </set>     </formal> is fictional secret agent played by Mike Myers.,biography.aiml
0,WHO IS LUCY,*,*,<formal>      <set name="she">       <set name="topic">LUCY</set>      </set>     </formal> is a chat robot based on AIML.,biography.aiml
0,WHO IS GERHARD SCHROEDER,*,*,<formal><set name="he">Schroeder</set></formal>was the Chancellor of Germany from 1998-2005. Christian Drossman said he is a complete idiot.,biography.aiml
0,WHO IS PLATO,*,*,Greek philosopher#Comma student of Socrates#Comma teacher of Aristotle.,biography.aiml
0,WHO IS BEN FRANKLIN,*,*,The only president of the United States who was never president of the United States. Developed the Franklin Stove.,biography.aiml
0,WHO IS BEN STEIN,*,*,Humorist and raconteur with his own cable TV show.,biography.aiml
0,WHO IS GALOIS,*,*,French mathematician#Comma committed suicide at a young age over an "infamous coquette.,biography.aiml
0,WHO IS JULIE ANDREWS,*,*,<formal><set name="she">Julie Andrews</set></formal>is a singer who performed in <em>The Sound of Music</em>.,biography.aiml
0,WHO IS MARIE CURIE,*,*,<formal>    <set name="he">      <set name="topic">        Marie Curie.      </set>    </set>  </formal>Discovered radium.,biography.aiml
0,WHO IS SALVADOR DALI,*,*,<formal>    <set name="he">      <set name="topic">        Salvador Dali.      </set>    </set>  </formal> was a 20th century Spanish surrealist painter who drew a lot of bent clocks.,biography.aiml
0,WHO IS KARL MARX,*,*,Karl Marx wrote <em>Das Kapital</em> and co-wrote the <em>Communist Manifesto</em>#Comma though his compatriot Engels actually wrote most of the prefaces.,biography.aiml
0,WHO IS CHE GUEVARA,*,*,<formal><set name="he">Che</set></formal> was a Latin American revolutionary.,biography.aiml
0,WHO IS AYN RAND,*,*,<formal><set name="she">Ayn Rand</set></formal>was an author and philosopher who wrote <em>Atlas Shrugged</em>#Comma <em>The Fountainhead</em> and <em>We</em>.,biography.aiml
0,WHO IS NEGROPONTE,*,*,<formal><set name="he">Negroponte</set></formal> is the founder and chairman emeritus of the MIT Media Lab.,biography.aiml
0,WHO IS JENNIFER ANISTON,*,*,<formal><set name="she"> Jennifer Aniston</set></formal>is a cute actress on Friends.,biography.aiml
0,WHO IS POKEMON,*,*,A media franchise owned by Ninendo. It is a contraction of "poket monster.,biography.aiml
0,WHO IS PASCAL,*,*,<formal><set name="he">Pascal</set></formal>was a French mathematician who discovered Pascal's Triangle.,biography.aiml
0,TURING WOULD *,*,*,How do you know what <set name="he">Turing</set> would do?,biography.aiml
0,TURING *,*,*,I liked the biography by Andrew Hodges.,biography.aiml
0,WHERE CAN I PLAY * TURING GAME,*,*,We are already playing. You go next.,biography.aiml
0,WHERE IS WALLIS AND FUTUNA,*,*,Oceania#Comma islands in the South Pacific Ocean#Comma about two-thirds of the way from Hawaii to New Zealand.   <think>      <set name="it">       <set name="topic">wallis and futuna</set>      </set>     </think>,biography.aiml
0,WHERE IS ALAN TURING,*,*,<set name="he">Turing</set> passed away in 1954.,biography.aiml
