0,FOUR CULTURES,*,*,<random>  <li>France</li>#Newline  <li>Vietnam</li>#Newline  <li>Thailand</li>#Newline  <li>Algeria</li>#Newline  </random>,stories.aiml
0,ONE CULTURES,*,*,<random>  <li>Canada</li>#Newline  <li>Holland</li>#Newline  <li>New England</li>#Newline  <li>New Zealand</li>#Newline  <li>the Amish</li>#Newline  <li>the Puritains</li>#Newline  <li>Switzerland</li>#Newline  </random>,stories.aiml
0,FIVE CULTURES,*,*,England,stories.aiml
0,SIX CULTURES,*,*,<random>  <li>Singapore</li>#Newline  <li>China</li>#Newline  <li>Germany</li>#Newline  <li>Russia</li>#Newline  </random>,stories.aiml
0,RANDOM FOURS,*,*,<random>  <li>Photographer Diane Arbus</li>#Newline  <li>Painter Francis Bacon</li>#Newline  <li>John Barrymore</li>#Newline  <li>Charles Baudelaire</li>#Newline  <li>Ingmar Bergman</li>#Newline  <li>Poet John Berryman</li>#Newline  <li>Director Peter Bogdanovich</li>#Newline  <li>Marlon Brando</li>#Newline  <li>Richard Brautigan</li>#Newline  <li>Jackson Browne</li>#Newline  <li>Raymond Burr</li>#Newline  <li>Singer Kate Bush</li>#Newline  <li>Mary Chapin Carpenter</li>#Newline  <li>Prince Charles</li>#Newline  <li>Eric Clapton</li>#Newline  <li>Kurt Cobain</li>#Newline  <li>Leonard Cohen</li>#Newline  <li>Judy Collins</li>#Newline  <li>James Dean</li>#Newline  <li>Johnny Depp</li>#Newline  <li>Neil Diamond</li>#Newline  <li>Isak Dinesen</li>#Newline  <li>Michael Dorris</li>#Newline  <li>French novelist Marguerite Duras</li>#Newline  <li>Bob Dylan</li>#Newline  <li>Judy Garland</li>#Newline  <li>Martha Graham</li>#Newline  <li>Singer Nanci Griffith</li>#Newline  <li>Billie Holliday</li>#Newline  <li>Lena Horne</li>#Newline  <li>Julio Iglesias</li>#Newline  <li>Michael Jackson</li>#Newline  <li>Jewel</li>#Newline  <li>Janis Joplin</li>#Newline  <li>Naomi Judd</li>#Newline  <li>Harvey Keitel</li>#Newline  <li>Jack Kerouac</li>#Newline  <li>Poet Philip Larkin</li>#Newline  <li>Charles Laughton</li>#Newline  <li>T. E. Lawrence</li>#Newline  <li>Vivien Leigh</li>#Newline  <li>John Malkovich</li>#Newline  <li>Marcello Mastroianni</li>#Newline  <li>Author Mary McCarthy</li>#Newline  <li>Carson McCullers</li>#Newline  <li>Rod McKuen</li>#Newline  <li>Thomas Merton</li>#Newline  <li>Author Yukio Mishima</li>#Newline  <li>Joni Mitchell</li>#Newline  <li>Jim Morrison</li>#Newline  <li>Morrissey</li>#Newline  <li>Edvard Munch</li>#Newline  <li>Liam Neeson</li>#Newline  <li>Mike Nichols</li>#Newline  <li>Stevie Nicks</li>#Newline  <li>Author Anais Nin</li>#Newline  <li>Nick Nolte</li>#Newline  <li>Laurence Olivier</li>#Newline  <li>Edith Piaf</li>#Newline  <li>Sylvia Plath</li>#Newline  <li>Edgar Allen Poe</li>#Newline  <li>Novelist Anne Rice</li>#Newline  <li>Arthur Rimbaud</li>#Newline  <li>Francoise Sagan</li>#Newline  <li>Poet Anne Sexton</li>#Newline  <li>Percy Shelley</li>#Newline  <li>Simone Signoret</li>#Newline  <li>Singer Paul Simon</li>#Newline  <li>Edna St. Vincent Millay</li>#Newline  <li>August Strindberg</li>#Newline  <li>Singer James Taylor</li>#Newline  <li>Spencer Tracy</li>#Newline  <li>Vincent Van Gogh</li>#Newline  <li>Suzanne Vega</li>#Newline  <li>Author Robert James Waller</li>#Newline  <li>Alan Watts</li>#Newline  <li>Orson Welles</li>#Newline  <li>Australian novelist Patrick White</li>#Newline  <li>Tennessee Williams</li>#Newline  <li>Kate Winslet</li>#Newline  <li>Virginia Woolf</li>#Newline  <li>Neil Young</li>#Newline  <li>Richard Wallace</li>#Newline  </random>,stories.aiml
0,RANDOM EIGHTS,*,*,<random>  <li>the cultural aura of Serbia</li>#Newline  <li>the culture of the Mafia</li>#Newline  <li>Lawyer Leslie Abramson</li>#Newline  <li>Gloria Allred</li>#Newline  <li>Director Robert Altman</li>#Newline  <li>Edward Asner</li>#Newline  <li>Kemal Ataturk</li>#Newline  <li>F. Lee Bailey</li>#Newline  <li>Actor Joe Don Baker</li>#Newline  <li>Lucille Ball</li>#Newline  <li>Charles Barkley</li>#Newline  <li>Richard Belzer</li>#Newline  <li>Humphrey Bogart</li>#Newline  <li>Napoleon Bonaparte</li>#Newline  <li>Charles Bronson</li>#Newline  <li>James Brown</li>#Newline  <li>Football's Jim Brown</li>#Newline  <li>Pat Buchanan</li>#Newline  <li>Richard Burton</li>#Newline  <li>Johnny Cash</li>#Newline  <li>John Cassavetes</li>#Newline  <li>Fidel Castro</li>#Newline  <li>Eldridge Cleaver</li>#Newline  <li>Ty Cobb</li>#Newline  <li>Sean Connery</li>#Newline  <li>Jimmy Connors</li>#Newline  <li>Robert Conrad</li>#Newline  <li>Matt Damon</li>#Newline  <li>Brian Dennehy</li>#Newline  <li>Alan Dershowitz</li>#Newline  <li>Danny DeVito</li>#Newline  <li>Football's Mike Ditka</li>#Newline  <li>Bob Dole</li>#Newline  <li>Sam Donaldson</li>#Newline  <li>Kirk Douglas</li>#Newline  <li>Michael Douglas</li>#Newline  <li>Morton Downey Jr.</li>#Newline  <li>Fred Dryer</li>#Newline  <li>Boxer Roberto Duran</li>#Newline  <li>Author Harlan Ellison</li>#Newline  <li>Milton Erickson</li>#Newline  <li>Moshe Feldenkrais</li>#Newline  <li>Actress Linda Fiorentino</li>#Newline  <li>Indira Gandhi</li>#Newline  <li>Apache warrior Geronimo</li>#Newline  <li>John Gotti</li>#Newline  <li>George Gurdjieff</li>#Newline  <li>the Hell's Angels</li>#Newline  <li>Ernest Hemingway</li>#Newline  <li>Jimmy Hoffa</li>#Newline  <li>Opera singer Marilyn Horne</li>#Newline  <li>Saddam Hussein</li>#Newline  <li>Director John Huston</li>#Newline  <li>Laura Ingraham</li>#Newline  <li>Joan Jett</li>#Newline  <li>Lyndon Johnson</li>#Newline  <li>Carlos Casteneda's Don Juan</li>#Newline  <li>Brian Keith</li>#Newline  <li>Nikita Khrushchev</li>#Newline  <li>Evel Knievel</li>#Newline  <li>Michael Landon</li>#Newline  <li>Rush Limbaugh</li>#Newline  <li>John Lydon (Johnny Rotten)</li>#Newline  <li>Norman Mailer</li>#Newline  <li>Mao Tse-tung</li>#Newline  <li>Wynton Marsalis</li>#Newline  <li>Lee Marvin</li>#Newline  <li>Tycoon Robert Maxwell</li>#Newline  <li>Malcolm McDowell</li>#Newline  <li>John McEnroe</li>#Newline  <li>Mark McGwire</li>#Newline  <li>Golda Meir</li>#Newline  <li>Comedian Dennis Miller</li>#Newline  <li>Robert Mitchum</li>#Newline  <li>Actor Judd Nelson</li>#Newline  <li>George Patton</li>#Newline  <li>Director Sam Peckinpah</li>#Newline  <li>Sean Penn</li>#Newline  <li>Gestalt therapist Fritz Perls</li>#Newline  <li>Julia Phillips</li>#Newline  <li>Actress Julianne Phillips</li>#Newline  <li>Suzanne Pleshette</li>#Newline  <li>Queen Latifah</li>#Newline  <li>Dixy Lee Ray</li>#Newline  <li>Ann Richards</li>#Newline  <li>Geraldo Rivera</li>#Newline  <li>Theodore Roosevelt</li>#Newline  <li>Axl Rose</li>#Newline  <li>Mickey Rourke</li>#Newline  <li>Colonel Harland Sanders</li>#Newline  <li>Telly Savalas</li>#Newline  <li>Baseball's Marge Schott</li>#Newline  <li>George C. Scott</li>#Newline  <li>Maurice Sendak</li>#Newline  <li>Tupac Shakur</li>#Newline  <li>Frank Sinatra</li>#Newline  <li>Grace Slick</li>#Newline  <li>Guardian Angel Curtis Sliwa</li>#Newline  <li>Joseph Stalin</li>#Newline  <li>John Sununu</li>#Newline  <li>Tamerlane</li>#Newline  <li>Charlize Theron</li>#Newline  <li>Rip Torn</li>#Newline  <li>Donald Trump</li>#Newline  <li>Pancho Villa</li>#Newline  <li>Ken Wahl</li>#Newline  <li>George Wallace</li>#Newline  <li>Mike Wallace</li>#Newline  <li>Denzel Washington</li>#Newline  <li>John Wayne</li>#Newline  <li>Ted Williams</li>#Newline  <li>Debra Winger</li>#Newline  <li>Zorba the Greek</li>#Newline  </random>,stories.aiml
0,RANDOM SEVENS,*,*,<random>  <li>Paul Allen</li>#Newline  <li>Comedian Steve Allen</li>#Newline  <li>Comedian Tim Allen</li>#Newline  <li>Desi Arnaz</li>#Newline  <li>Richard Avedon</li>#Newline  <li>Robert Ballard</li>#Newline  <li>Honore Balzac</li>#Newline  <li>Humorist Dave Barry</li>#Newline  <li>Jack Benny</li>#Newline  <li>Chuck Berry</li>#Newline  <li>Jacqueline Bisset</li>#Newline  <li>Poet Robert Bly</li>#Newline  <li>Sonny Bono</li>#Newline  <li>Comedienne Elayne Boosler</li>#Newline  <li>Musical comedian Victor Borge</li>#Newline  <li>Football's Terry Bradshaw</li>#Newline  <li>Kenneth Branagh</li>#Newline  <li>Richard Branson</li>#Newline  <li>Jimmy Buffett</li>#Newline  <li>Michael Caine</li>#Newline  <li>Mythologist Joseph Campbell</li>#Newline  <li>Pierre Cardin</li>#Newline  <li>Jackie Chan</li>#Newline  <li>Chevy Chase</li>#Newline  <li>Maurice Chevalier</li>#Newline  <li>George Clooney</li>#Newline  <li>Buffalo Bill Cody</li>#Newline  <li>Joan Collins</li>#Newline  <li>Director Francis Ford Coppola</li>#Newline  <li>Filmmaker Roger Corman</li>#Newline  <li>MTV's Dan Cortese</li>#Newline  <li>Katie Couric</li>#Newline  <li>David Crosby</li>#Newline  <li>e.e. cummings</li>#Newline  <li>Tony Curtis</li>#Newline  <li>Roger Daltry</li>#Newline  <li>Philosopher Gerard Depardieu</li>#Newline  <li>Diderot</li>#Newline  <li>QVC resident Barry Diller</li>#Newline  <li>Hugh Downs</li>#Newline  <li>Michael Eisner</li>#Newline  <li>Douglas Fairbanks Jr.</li>#Newline  <li>Federico Fellini</li>#Newline  <li>Sarah Ferguson</li>#Newline  <li>Physicist Richard Feynman</li>#Newline  <li>Errol Flynn</li>#Newline  <li>Peter Fonda</li>#Newline  <li>Malcolm Forbes</li>#Newline  <li>George Foreman</li>#Newline  <li>Bob Fosse</li>#Newline  <li>Matthew Fox</li>#Newline  <li>Michael J. Fox</li>#Newline  <li>Author Robert Fulghum</li>#Newline  <li>Clark Gable</li>#Newline  <li>Ava Gardner</li>#Newline  <li>Carlos Casteneda's Don Genaro</li>#Newline  <li>John Gielgud</li>#Newline  <li>Dizzy Gillespie</li>#Newline  <li>Newt Gingrich</li>#Newline  <li>Goethe</li>#Newline  <li>Ruth Gordon</li>#Newline  <li>Cary Grant</li>#Newline  <li>Andre Gregory</li>#Newline  <li>George Hamilton</li>#Newline  <li>Tom Hanks</li>#Newline  <li>Richard Harris</li>#Newline  <li>Goldie Hawn</li>#Newline  <li>Actress Marilu Henner</li>#Newline  <li>Abbie Hoffman</li>#Newline  <li>Pianist Vladimir Horowitz</li>#Newline  <li>Ron Howard</li>#Newline  <li>Lauren Hutton</li>#Newline  <li>Self-help author Gerald Jampolsky</li>#Newline  <li>Derek Jarman</li>#Newline  <li>Thomas Jefferson</li>#Newline  <li>Steve Jobs</li>#Newline  <li>Magic Johnson</li>#Newline  <li>Architect Phillip Johnson</li>#Newline  <li>Jerry Jones</li>#Newline  <li>King Juan Carlos of Spain</li>#Newline  <li>Actress Carol Kane</li>#Newline  <li>Michael Keaton</li>#Newline  <li>John F. Kennedy</li>#Newline  <li>Ken Kesey</li>#Newline  <li>Comedian Alan King</li>#Newline  <li>Don King</li>#Newline  <li>CNN's Larry King</li>#Newline  <li>Comedian Robert Klein</li>#Newline  <li>Director David Lean</li>#Newline  <li>Timothy Leary</li>#Newline  <li>Director Barry Levinson</li>#Newline  <li>Puppeteer Shari Lewis</li>#Newline  <li>Artist Roy Lichtenstein</li>#Newline  <li>Loretta Lynn</li>#Newline  <li>Football's John Madden</li>#Newline  <li>Director Louis Malle</li>#Newline  <li>Singer Meat Loaf</li>#Newline  <li>Author Henry Miller</li>#Newline  <li>Yves Montand</li>#Newline  <li>Dudley Moore</li>#Newline  <li>Jeanne Moreau</li>#Newline  <li>Robert Morley</li>#Newline  <li>Eddie Murphy</li>#Newline  <li>Jack Nicholson</li>#Newline  <li>Leslie Nielsen</li>#Newline  <li>Donald O'Connor</li>#Newline  <li>Peter O'Toole</li>#Newline  <li>Luciano Pavarotti</li>#Newline  <li>Author Joseph Chilton Pearce</li>#Newline  <li>Regis Philbin</li>#Newline  <li>Bronson Pinchot</li>#Newline  <li>Brad Pitt</li>#Newline  <li>George Plimpton</li>#Newline  <li>Vincent Price</li>#Newline  <li>Dennis Quaid</li>#Newline  <li>Anthony Quinn</li>#Newline  <li>Bonnie Raitt</li>#Newline  <li>Ram Dass</li>#Newline  <li>Ron Reagan Jr.</li>#Newline  <li>Basketball Coach Pat Reilly</li>#Newline  <li>Lee Remick</li>#Newline  <li>Tim Rice</li>#Newline  <li>Filmmaker/Nazi propagandist Leni Riefenstahl</li>#Newline  <li>Jason Robards</li>#Newline  <li>Novelist Tom Robbins</li>#Newline  <li>Ginger Rogers</li>#Newline  <li>Linda Ronstadt</li>#Newline  <li>Interviewer Charlie Rose</li>#Newline  <li>David Lee Roth</li>#Newline  <li>Economist Louis Rukeyser</li>#Newline  <li>Rosalind Russell</li>#Newline  <li>Babe Ruth</li>#Newline  <li>Susan Saint James</li>#Newline  <li>Director Martin Scorsese</li>#Newline  <li> Weatherman Willard Scott</li>#Newline  <li>Martin Short</li>#Newline  <li>Self-help author Bernie Siegel</li>#Newline  <li>Steven Spielberg</li>#Newline  <li>Mickey Spillane</li>#Newline  <li>Robert Louis Stevenson</li>#Newline  <li>Barbra Streisand</li>#Newline  <li>Henry David Thoreau</li>#Newline  <li>Lily  Tomlin</li>#Newline  <li>Tanya Tucker</li>#Newline  <li>Janine Turner</li>#Newline  <li>Lana Turner</li>#Newline  <li>Peter Ustinov</li>#Newline  <li>Dick Van Dyke</li>#Newline  <li>Vince Vaughn</li>#Newline  <li>Voltaire</li>#Newline  <li>Kurt Vonnegut</li>#Newline  <li>Eli Wallach</li>#Newline  <li>Rolling Stone's Jann Wenner</li>#Newline  <li>Betty White</li>#Newline  <li>Robin Williams</li>#Newline  <li>Robert Anton Wilson</li>#Newline  <li>the Duke of Windsor</li>#Newline  <li>Jonathan Winters</li>#Newline  <li>Author Tom Wolfe</li>#Newline  <li>James Woods</li>#Newline  <li>Poet William Wordsworth</li>#Newline  <li>Franco Zeffirelli</li>#Newline  </random>,stories.aiml
0,RANDOM STORY,*,*,<random>#Newline<li><srai>STORY FOUR FIVE</srai></li>#Newline<li><srai>STORY FOUR EIGHT</srai></li>#Newline<li><srai>STORY FOUR NINE</srai></li>#Newline<li><srai>STORY FOUR SIX</srai></li>#Newline<li><srai>STORY ONE FOUR</srai></li>#Newline<li><srai>STORY ONE FIVE</srai></li>#Newline<li><srai>STORY ONE SIX</srai></li>#Newline<li><srai>STORY ONE TWO</srai></li>#Newline<li><srai>STORY ONE THREE</srai></li>#Newline<li><srai>STORY TWO FIVE</srai></li>#Newline<li><srai>WEIGHT FOUR TWO</srai></li>#Newline<li>Generic story: Exposition...Incident...Rising Action...Crisis...Climax...Denouement...The End.</li>#Newline<li>Generic story: Situation...characters...crisis...resolution.</li>#Newline</random>,stories.aiml
0,RANDOM SIXES,*,*,<random>  <li>Actor Jason Alexander</li>#Newline  <li>Woody Allen</li>#Newline  <li>Alan Arkin</li>#Newline  <li>Kim Basinger</li>#Newline  <li>Candice Bergen</li>#Newline  <li>Albert Brooks</li>#Newline  <li>George Bush</li>#Newline  <li>Actress Lynda Carter</li>#Newline  <li>Stockard Channing</li>#Newline  <li>Rodney Dangerfield</li>#Newline  <li>Ellen DeGeneres</li>#Newline  <li>Julie Delpy</li>#Newline  <li>Sally Field</li>#Newline  <li>Teri Garr</li>#Newline  <li>Cartoonist Cathy Guisewite</li>#Newline  <li>Ed Harris</li>#Newline  <li>Janet Leigh</li>#Newline  <li>Jack Lemmon</li>#Newline  <li>Richard Lewis</li>#Newline  <li>Penny Marshall</li>#Newline  <li>Marilyn Monroe</li>#Newline  <li>Mary Tyler Moore</li>#Newline  <li>Bob Newhart</li>#Newline  <li>Richard Nixon</li>#Newline  <li>Lena Olin</li>#Newline  <li>Anthony Perkins</li>#Newline  <li>Director Sydney Pollack</li>#Newline  <li>Paul Reiser</li>#Newline  <li>Pat Robertson</li>#Newline  <li>Rene Russo</li>#Newline  <li>Kristin Scott-Thomas</li>#Newline  <li>Carly Simon</li>#Newline  <li>Suzanne Somers</li>#Newline  <li>Bruce Springsteen</li>#Newline  <li>Jon Stewart</li>#Newline  <li>Meg Tilly</li>#Newline  <li>Brian Wilson</li>#Newline  <li>Ellen Barkin</li>#Newline  <li>Warren Beatty</li>#Newline  <li>Comedian George Carlin</li>#Newline  <li>Actress Judy Davis</li>#Newline  <li>Phil Donahue</li>#Newline  <li>Carrie Fisher</li>#Newline  <li>Mel Gibson</li>#Newline  <li>Andrew Grove</li>#Newline  <li>Gene Hackman</li>#Newline  <li>Adolf Hitler</li>#Newline  <li>Dustin Hoffman</li>#Newline  <li>J. Edgar Hoover</li>#Newline  <li>Elton John</li>#Newline  <li>Tommy Lee Jones</li>#Newline  <li>Wynonna Judd</li>#Newline  <li>J. Krishnamurti</li>#Newline  <li>Director Spike Lee</li>#Newline  <li>David Letterman</li>#Newline  <li>Gordon Liddy</li>#Newline  <li>Charles Manson</li>#Newline  <li>Steve McQueen</li>#Newline  <li>Filmmaker Michael Moore</li>#Newline  <li>Paul Newman</li>#Newline  <li>Chuck Norris</li>#Newline  <li>Rosie Perez</li>#Newline  <li>Richard Pryor</li>#Newline  <li>Robert Redford</li>#Newline  <li>Janet Reno</li>#Newline  <li>Julia Roberts</li>#Newline  <li>Meg Ryan</li>#Newline  <li>Violinist Nadia Salerno-Sonnenberg</li>#Newline  <li>Steven Seagal</li>#Newline  <li>Sissy Spacek</li>#Newline  <li>James Spader</li>#Newline  <li>Ben Stiller</li>#Newline  <li>Patrick Swayze</li>#Newline  <li>Linda Tripp</li>#Newline  <li>Ted Turner</li>#Newline  <li>Terry Tempest Williams</li>#Newline  <li>Actress Sean Young</li>#Newline  <li>Vladimir Zhirinovsky</li>#Newline  </random>,stories.aiml
0,RANDOM ONES,*,*,<random>  <li>Historian Stephen Ambrose</li>#Newline  <li>Julie Andrews</li>#Newline  <li>Hanan Ashrawi</li>#Newline  <li>St. Augustine</li>#Newline  <li>William Bennett</li>#Newline  <li>Father Phillip Berrigan</li>#Newline  <li>Ambrose Bierce</li>#Newline  <li>Psychologist John Bradshaw</li>#Newline  <li>Tom Brokaw</li>#Newline  <li>Sierra Club founder David Brower</li>#Newline  <li>Feminist author Susan Brownmiller</li>#Newline  <li>William F. Buckley</li>#Newline  <li>John Calvin</li>#Newline  <li>Cesar Chavez</li>#Newline  <li>Singapore President Ong Teng Cheong</li>#Newline  <li>Hillary Clinton</li>#Newline  <li>Confucius</li>#Newline  <li>Actress Jane Curtin</li>#Newline  <li>Angela Davis</li>#Newline  <li>W. E. B. DuBois</li>#Newline  <li>Michael Dukakis</li>#Newline  <li>Christian Scientist Mary Baker Eddy</li>#Newline  <li>Dr. Dean Edell</li>#Newline  <li>Activist Daniel Ellsworth</li>#Newline  <li>Harrison Ford</li>#Newline  <li>Jodie Foster</li>#Newline  <li>Buckminster Fuller</li>#Newline  <li>Barry Goldwater</li>#Newline  <li>Lillian Hellman</li>#Newline  <li>Katharine Hepburn</li>#Newline  <li>Charlton Heston</li>#Newline  <li>St. Ignatius</li>#Newline  <li>Glenda Jackson</li>#Newline  <li>Peter Jennings</li>#Newline  <li>Samuel Johnson</li>#Newline  <li>Dean Jones</li>#Newline  <li>CNN's Myron Kandel</li>#Newline  <li>Senator John Kerry</li>#Newline  <li>Dr. Jack Kevorkian</li>#Newline  <li>Ted Koppel</li>#Newline  <li>the NRA's Wayne LaPierre</li>#Newline  <li>Laura Linney</li>#Newline  <li>The Lone Ranger</li>#Newline  <li>Martin Luther</li>#Newline  <li>Nelson Mandela</li>#Newline  <li>Miss Manners</li>#Newline  <li>Thurgood Marshall</li>#Newline  <li>George McGovern</li>#Newline  <li>Playwright Arthur Miller</li>#Newline  <li>Author Jessica Mitford</li>#Newline  <li>Sir Thomas Moore</li>#Newline  <li>Ralph Nader</li>#Newline  <li>Leonard Nimoy</li>#Newline  <li>Christiane Northrup</li>#Newline  <li>John Cardinal O'Connor</li>#Newline  <li>Ian Paisley</li>#Newline  <li>Gregory Peck</li>#Newline  <li>H. Ross Perot</li>#Newline  <li>Sidney Poitier</li>#Newline  <li>Pope John Paul II</li>#Newline  <li>Emily Post</li>#Newline  <li>Colin Powell</li>#Newline  <li>the culture of the Puritans</li>#Newline  <li>Marilyn Quayle</li>#Newline  <li>Yitzak Rabin</li>#Newline  <li>Tony Randall</li>#Newline  <li>Vanessa Redgrave</li>#Newline  <li>Donna Reed</li>#Newline  <li>Actor Cliff Robertson</li>#Newline  <li>Eleanor Roosevelt</li>#Newline  <li>Phyllis Schlafly</li>#Newline  <li>George Bernard Shaw</li>#Newline  <li>Bernard Shaw</li>#Newline  <li>Film critic Gene Siskel</li>#Newline  <li>Alexander Solzhenitsyn</li>#Newline  <li>Kenneth Starr</li>#Newline  <li>Actor Peter Strauss</li>#Newline  <li>Meryl Streep</li>#Newline    <li>Margaret Thatcher</li>#Newline  <li>Emma Thompson</li>#Newline  <li>Harry  Truman</li>#Newline  <li>Maxine Waters</li>#Newline  <li>Dragnet's Jack Webb</li>#Newline  <li>Joanne Woodward</li>#Newline  <li>Actress Jane Wyman</li>#Newline  </random>,stories.aiml
0,RANDOM THREES,*,*,<random>  <li>The cultural aura of America</li>#Newline  <li>the cultural aura of modern Japan</li>#Newline  <li>James Baker</li>#Newline  <li>Joseph Biden</li>#Newline  <li>David Bowie</li>#Newline  <li>Les Brown</li>#Newline  <li>Ron Brown</li>#Newline  <li>Jimmy Carter</li>#Newline  <li>Dick Clark</li>#Newline  <li>Lawyer Johnnie Cochran</li>#Newline  <li>Magician David Copperfield</li>#Newline  <li>Courtney Cox</li>#Newline  <li>Cindy Crawford</li>#Newline  <li>Tom Cruise</li>#Newline  <li>Rebecca DeMornay</li>#Newline  <li>Nora Ephron</li>#Newline  <li>Werner Erhard</li>#Newline  <li>Debbi Fields</li>#Newline  <li>F. Scott Fitzgerald</li>#Newline  <li>Michael Flatley</li>#Newline  <li>Phil Gramm</li>#Newline  <li>NBC's Bryant Gumbel</li>#Newline  <li>Actor Mark Harmon</li>#Newline  <li>Jesse Jackson</li>#Newline  <li>Michael Jordan</li>#Newline  <li>Henry Kissinger</li>#Newline  <li>Carl Lewis</li>#Newline  <li>Andrew Lloyd Webber</li>#Newline  <li>Vince Lombardi</li>#Newline  <li>Rob Lowe</li>#Newline  <li>Claire Boothe Luce</li>#Newline  <li>Joan Lunden</li>#Newline  <li>Ali MacGraw</li>#Newline  <li>Elle MacPherson</li>#Newline  <li>Reba McEntire</li>#Newline  <li>Demi Moore</li>#Newline  <li>Queen Noor</li>#Newline  <li>Oliver North</li>#Newline  <li>Dean Ornish</li>#Newline  <li>Bob Packwood</li>#Newline  <li>Master spy Kim Philby</li>#Newline  <li>Elvis Presley</li>#Newline  <li>Sally Quinn</li>#Newline  <li>Burt Reynolds</li>#Newline  <li>Anthony Robbins</li>#Newline  <li>Political strategist Ed Rollins</li>#Newline  <li>Diane Sawyer</li>#Newline  <li>Arnold Schwarzenegger</li>#Newline  <li>William Shatner</li>#Newline  <li>Cybill Shepherd</li>#Newline  <li>O.J. Simpson</li>#Newline  <li>Duchess of Windsor Wallis Simpson</li>#Newline  <li>Will Smith</li>#Newline  <li>Wesley Snipes</li>#Newline  <li>Sylvester Stallone</li>#Newline  <li>Sharon Stone</li>#Newline  <li>Kathleen Turner</li>#Newline  <li>Jean-Claude Van Damme</li>#Newline  <li>Kurt Waldheim</li>#Newline  <li>George Washington</li>#Newline  <li>Raquel Welch</li>#Newline  <li>Vanessa Williams</li>#Newline  <li>Marianne Williamson</li>#Newline  <li>Oprah Winfrey</li>#Newline  <li>Natalie Wood</li>#Newline  <li>Tiger Woods</li>#Newline  </random>,stories.aiml
0,RANDOM NINES,*,*,<random>  <li>the cultural aura of Bali</li>#Newline  <li>Actress Loni Anderson</li>#Newline  <li>Jennifer Aniston</li>#Newline  <li>Bruce Babbitt</li>#Newline  <li>Antonio Banderas</li>#Newline  <li>Annette Bening</li>#Newline  <li>Tony Bennett</li>#Newline  <li>Tom Berenger</li>#Newline  <li>Yogi Berra</li>#Newline  <li>Ernest Borgnine</li>#Newline  <li>Matthew Broderick</li>#Newline  <li>Sandra Bullock</li>#Newline  <li>George Burns</li>#Newline  <li>Actress Kate Capshaw</li>#Newline  <li>Singer Belinda Carlisle</li>#Newline  <li>Art Carney</li>#Newline  <li>Actor Keith Carradine</li>#Newline  <li>Julia Child</li>#Newline  <li>Warren Christopher</li>#Newline  <li>Connie Chung</li>#Newline  <li>Bill Clinton</li>#Newline  <li>Gary Cooper</li>#Newline  <li>Kevin Costner</li>#Newline  <li>The Dalai Lama</li>#Newline  <li>Actor Jeff Daniels</li>#Newline  <li>Oscar de la Renta</li>#Newline  <li>Clint Eastwood</li>#Newline  <li>Dwight Eisenhower</li>#Newline  <li>Queen Elizabeth II</li>#Newline  <li>Shelley Fabares</li>#Newline  <li>Peter Falk</li>#Newline  <li>Gerald Ford</li>#Newline  <li>Actor Dennis Franz</li>#Newline  <li>Annette Funicello</li>#Newline  <li>Mahatma Gandhi</li>#Newline  <li>Chief Dan George</li>#Newline  <li>John Goodman</li>#Newline  <li>Tipper Gore</li>#Newline  <li>Actor Elliott Gould</li>#Newline  <li>Katherine Graham</li>#Newline  <li>Charles Grodin</li>#Newline  <li>Woody Harrelson</li>#Newline  <li>Gabby Hayes</li>#Newline  <li>Patty Hearst</li>#Newline  <li>Mariel Hemingway</li>#Newline  <li>Buck Henry</li>#Newline  <li>Audrey Hepburn</li>#Newline  <li>Barbara Hershey</li>#Newline  <li>Paul Hogan</li>#Newline  <li>King Hussein</li>#Newline  <li>Anjelica Huston</li>#Newline  <li>Actor Ben Johnson</li>#Newline  <li>Shirley Jones</li>#Newline  <li>C. G. Jung</li>#Newline  <li>Grace Kelly</li>#Newline  <li>Figure skater Nancy Kerrigan</li>#Newline  <li>Helmut Kohl</li>#Newline  <li>Lisa Kudrow</li>#Newline  <li>Stan Laurel</li>#Newline  <li>Jennifer Jason Leigh</li>#Newline  <li>Abraham Lincoln</li>#Newline  <li>Andie MacDowell</li>#Newline  <li>Mr. Magoo</li>#Newline  <li>John Major</li>#Newline  <li>Dean Martin</li>#Newline  <li>Jerry Mathers</li>#Newline  <li>Actor Harry Morgan</li>#Newline  <li>Sancho Panza</li>#Newline  <li>Slim Pickens</li>#Newline  <li>Actor Michael J. Pollard</li>#Newline  <li>Dan Quayle</li>#Newline  <li>James Earl Ray</li>#Newline  <li>Ronald Reagan</li>#Newline  <li>Ralph Richardson</li>#Newline  <li>Cal Ripkin</li>#Newline  <li>Robbie Robertson</li>#Newline  <li>Psychologist Carl Rogers</li>#Newline  <li>Roy Rogers</li>#Newline  <li>Gena Rowlands</li>#Newline  <li>Actress Eva Marie Saint</li>#Newline  <li>Jerry Seinfeld</li>#Newline  <li>Garry Shandling</li>#Newline  <li>Wallace Shawn</li>#Newline  <li>Martin Sheen</li>#Newline  <li>Actor Tom Skerritt</li>#Newline  <li>Sammy Sosa</li>#Newline  <li>Ringo Starr</li>#Newline  <li>Mary Steenburgen</li>#Newline  <li>Wallace Stegner</li>#Newline  <li>Gloria Steinem</li>#Newline  <li>Daniel Stern</li>#Newline  <li>James Stewart</li>#Newline  <li>Actor Eric Stoltz</li>#Newline  <li>Billy Bob Thornton</li>#Newline  <li>Singer Andy Williams</li>#Newline  <li>Tricia Yearwood</li>#Newline  </random>,stories.aiml
0,RANDOM FIVES,*,*,<random>  <li>Performance artist Laurie Anderson</li>#Newline  <li>St. Thomas Aquinas</li>#Newline  <li>Issac Asimov</li>#Newline  <li>Playwright Samuel Beckett</li>#Newline  <li>Author Paul Bowles</li>#Newline  <li>The Buddha</li>#Newline  <li>Director Tim  Burton</li>#Newline  <li>David Byrne</li>#Newline  <li>Actor Richard Chamberlain</li>#Newline  <li>Anton Chekhov</li>#Newline  <li>Agatha  Christie</li>#Newline  <li>Van Cliburn</li>#Newline  <li>Montgomery Clift</li>#Newline  <li>Former CIA Director William Colby</li>#Newline  <li>Michael Crichton</li>#Newline  <li>Daniel Day-Lewis</li>#Newline  <li>Rene Descartes</li>#Newline  <li>Joan Didion</li>#Newline  <li>Joe DiMaggio</li>#Newline  <li>Aviatrix Amelia Earhart</li>#Newline  <li>Albert Einstein</li>#Newline  <li>Author Loren  Eiseley</li>#Newline  <li>T. S. Eliot</li>#Newline  <li>Ralph Fiennes</li>#Newline  <li>Chess player Bobby Fischer</li>#Newline  <li>E. M. Forster</li>#Newline  <li>Greta Garbo</li>#Newline  <li>J. Paul Getty</li>#Newline  <li>Cybertech novelist William Gibson</li>#Newline  <li>Jane Goodall</li>#Newline  <li>Author Graham Greene</li>#Newline  <li>H. R. Haldeman</li>#Newline  <li>Hildegarde of Bingen</li>#Newline  <li>Alfred Hitchcock</li>#Newline  <li>Anthony Hopkins</li>#Newline  <li>Howard Hughes</li>#Newline  <li>Jeremy Irons</li>#Newline  <li>Unabomber Ted Kaczynski</li>#Newline  <li>Franz Kafka</li>#Newline  <li>Director Philip Kaufman</li>#Newline  <li>Jacqueline Kennedy Onassis</li>#Newline  <li>Dean R. Koontz</li>#Newline  <li>The Amazing Kreskin</li>#Newline  <li>Stanley Kubrick</li>#Newline  <li>Brian Lamb</li>#Newline  <li>Gary Larson</li>#Newline  <li>John le Carre</li>#Newline  <li>Ursula K. LeGuin</li>#Newline  <li>Photographer Annie Leibowitz</li>#Newline  <li>George Lucas</li>#Newline  <li>David Lynch</li>#Newline  <li>Norman MacLean</li>#Newline  <li>Robert MacNeil</li>#Newline  <li>Leonard Maltin</li>#Newline  <li>Author Peter Matthiessen</li>#Newline  <li>Novelist Ian McEwan</li>#Newline  <li>Larry McMurtry</li>#Newline  <li>Timothy McVeigh</li>#Newline  <li>Singer Natalie Merchant</li>#Newline  <li>Thelonious Monk</li>#Newline  <li>Actor Sam Neill</li>#Newline  <li>Joyce Carol Oates</li>#Newline  <li>Georgia O'Keefe</li>#Newline  <li>J. Robert Oppenheimer</li>#Newline  <li>Al Pacino</li>#Newline  <li>Italian sculptor Paladino</li>#Newline  <li>Michelle Pfeiffer</li>#Newline  <li>Philanthropist John D. Rockefeller Jr.</li>#Newline  <li>Oliver Sacks</li>#Newline  <li>Jean-Paul Sartre</li>#Newline  <li>Ebenezer Scrooge</li>#Newline  <li>Sister Wendy</li>#Newline  <li>Behaviorist B. F. Skinner</li>#Newline  <li>Poet Gary Snyder</li>#Newline  <li>Susan Sontag</li>#Newline  <li>George Stephanopoulos</li>#Newline  <li>Actress Madeleine Stowe</li>#Newline  <li>Jules Verne</li>#Newline  <li>Max Von Sydow</li>#Newline  <li>Author Ken Wilber</li>#Newline  <li>Ludwig Wittgenstein</li>#Newline  <li>David Bacon</li>#Newline  <li>Alan Turing</li>#Newline  </random>,stories.aiml
0,RANDOM TWOS,*,*,<random>  <li>Alan Alda</li>#Newline  <li>Tammy Faye Bakker</li>#Newline  <li>Harry Belafonte</li>#Newline  <li>Child psychologist T. Berry Brazelton</li>#Newline  <li>Filmmaker Ken Burns</li>#Newline  <li>Leo Buscaglia</li>#Newline  <li>Barbara Bush</li>#Newline  <li>Glenn Close</li>#Newline  <li>Bill Cosby</li>#Newline  <li>Self-help author Barbara de Angelis</li>#Newline  <li>Princess Diana</li>#Newline  <li>Faye Dunaway</li>#Newline  <li>Mia Farrow</li>#Newline  <li>Feminist Betty Friedan</li>#Newline  <li>Kathie Lee Gifford</li>#Newline  <li>Danny Glover</li>#Newline  <li>Roosevelt Grier</li>#Newline  <li>Melanie Griffith</li>#Newline  <li>Pamela Harriman</li>#Newline  <li>Leona Helmsley</li>#Newline  <li>Whitney Houston</li>#Newline  <li>Arianna Huffington</li>#Newline  <li>Actress Anne Jackson</li>#Newline  <li>Jesus Christ</li>#Newline  <li>Author Erica Jong</li>#Newline  <li>Actress Sally Kellerman</li>#Newline  <li>Actress Sally Kirkland</li>#Newline  <li>Diane Ladd</li>#Newline  <li>Monica Lewinsky</li>#Newline  <li>Jerry Lewis</li>#Newline  <li>Actress Susan Lucci</li>#Newline  <li>Madonna</li>#Newline  <li>Alma Mahler</li>#Newline  <li>Imelda Marcos</li>#Newline  <li>Florence Nightingale</li>#Newline  <li>Merlin Olsen</li>#Newline  <li>Yoko Ono</li>#Newline  <li>Mandy Patinkin</li>#Newline  <li>Jack Perkins</li>#Newline  <li>Eva Peron</li>#Newline  <li>Susan Powter</li>#Newline  <li>Priscilla Presley</li>#Newline  <li>Sally Jessy Raphael</li>#Newline  <li>Nancy Reagan</li>#Newline  <li>Della Reese</li>#Newline  <li>Mr. Rogers</li>#Newline  <li>Family therapist Virginia Satir</li>#Newline  <li>Danielle Steel</li>#Newline  <li>Sally Struthers</li>#Newline  <li>Mother Teresa</li>#Newline  <li>Marlo Thomas</li>#Newline  <li>Actor Richard Thomas</li>#Newline  <li>Actress Jennifer Tilly</li>#Newline  <li>Tiny Tim</li>#Newline  <li>John Travolta</li>#Newline  <li>Ivana Trump</li>#Newline  <li>Desmond Tutu</li>#Newline  <li>Actress Lesley Ann Warren</li>#Newline  <li>Brazilian singer Xuxa</li>#Newline  </random>,stories.aiml
0,TWO CULTURES,*,*,<random>  <li>Cuba</li>#Newline  <li>Mexico</li>#Newline  <li>Columbia</li>#Newline  <li>Brazil</li>#Newline  <li>Argentina</li>#Newline  <li>Peru</li>#Newline  <li>Venezuela</li>#Newline  </random>,stories.aiml
0,EIGHT CULTURES,*,*,<random>  <li>Serbia</li>#Newline  <li>The Mafia</li>#Newline  <li>Iraq</li>#Newline  <li>Syria</li>#Newline  <li>Saudi Arabia</li>#Newline  </random>,stories.aiml
0,THREE CULTURES,*,*,<random>  <li>NATO</li>#Newline  <li>California</li>#Newline  <li>Texas</li>#Newline  <li>Florida</li>#Newline  <li>New York</li>#Newline  <li>Hong Kong</li>#Newline  <li>Korea</li>#Newline  <li>Taiwan</li>#Newline  <li>America</li>#Newline  <li>The United States</li>#Newline  <li>Japan</li>#Newline  </random>,stories.aiml
0,NINE CULTURES,*,*,<random>  <li>Bali</li>#Newline  <li>Tibet</li>#Newline  <li>Nepal</li>#Newline  <li>The United Nations</li>#Newline  <li>The Hague</li>#Newline  <li>Geneva</li>#Newline  </random>,stories.aiml
0,WEIGHT FOUR TWO,*,*,<think><set name="four"><srai>RANDOM FOURS</srai></set><set name="two"><srai>RANDOM TWOS</srai></set></think> <get name="four"/> is married to <get name="two"/>. At a conscious level#Comma <get name="four"/> felt that he was a bit overweight and thoght he should lose some pounds.  But part of him felt that he was going to attract too much attention to himself if he became slim again#Comma and irrationally#Comma that he might undermine his relationship with <get name="two"/>.  In fact#Comma once before when he was trimmer#Comma he did have an affair and it almost ended his relationship with <get name="two"/>.  Because they have a child together#Comma <get name="four"/> is very worried about divorce#Comma custody rights and the effect of their separation on the child and himself.  So part of him thinks that keeping the pounds on will help him hang on to the stability of his relationship with <get name="two"/>.,stories.aiml
0,STORY FOUR FIVE,*,*,<think>  <set name="four"><srai>RANDOM FOURS</srai></set>  <set name="five"><srai>RANDOM FIVES</srai></set>  </think>  <get name="four"/> and <get name="five"/> began to resemble each other over time.  Both of them were inclined to cocoon themselves in an inner world.    But <get name="four"/>'s inner world was very different from <get name="five"/>'s.  The mental life of <get name="five"/> was highly abstract but seemed curiously devoid  of emotional content.  Even though <get name="four"/> is very sensitive and emotional#Comma the  two of them share an imaginary life filled with symbolism and meaning.,stories.aiml
0,STORY FOUR EIGHT,*,*,<think>  <set name="four"><srai>RANDOM FOURS</srai></set> <set name="eight"><srai>RANDOM EIGHTS</srai></set></think> <get name="eight"/> and <get name="four"/> met in film school when they were young. They felt a strong physical attraction#Comma but <get name="four"/> was intimidated by <get name="eight"/> 's aggressive style. Years later they were reintroduced by a mutual friend. <get name="eight"/> was drawn to <get name="four"/> 's rich imagination and intelligence. <get name="four"/> was consumed by <get name="eight"/> 's will and determination. Though they would sometimes fight in a fury of jealous rage#Comma this was matched only by their passion in love.,stories.aiml
0,STORY FOUR NINE,*,*,<think>  <set name="four"><srai>RANDOM FOURS</srai></set>  <set name="nine"><srai>RANDOM NINES</srai></set>  </think>  <get name="nine"/> and <get name="four"/> felt a dramatic emotional bond and each brought new life to the other.  <get name="nine"/> awakened <get name="four"/> through love.  <get name="four"/> gave <get name="nine"/> an agenda and a sense of purpose. Yet the couple was paradoxically strengthened by their independent careers.  <get name="nine"/> can be very patient with <get name="four"/>#Comma and <get name="four"/> is inspired by a self-directed <get name="nine"/>.  They made a spiritual couple#Comma but they were as dissimilar as the Dalai Lama and Gurdjieff.,stories.aiml
0,STORY FOUR SIX,*,*,<think>  <set name="four"><srai>RANDOM FOURS</srai></set>  <set name="six"><srai>RANDOM SIXES</srai></set>  </think>  <random>  <li>  <get name="four"/> oscillated between loving and rejecting <get name="six"/>.  But <get name="six"/> shifted between believing in and doubting <get name="four"/>.  The breakthrough came when <get name="six"/> and <get name="four"/> saw the symmetry between <get name="four"/>'s push-pull style of relationships#Comma and <get name="six"/>'s alternating belief and mistrust.  That insight opened mutual compassion#Comma because each realized the other was trying to protect his or her own heart.   </li>#Newline  <li>  <get name="six"/> and <get name="four"/> felt a strong physical attraction at first.  Gradually#Comma this turned into intense loyalty for <get name="six"/>.  But <get name="four"/> was moody and passionate.  Soon <get name="six"/> began to avoid confrontations with <get name="four"/>#Comma and <get name="four"/> felt jealous and possessive.  When <get name="four"/> had to leave for school that fall#Comma <get name="six"/> was relieved to see him go.  </li>#Newline  </random>,stories.aiml
0,STORY ONE FOUR,*,*,<think>  <set name="one"><srai>RANDOM ONES</srai></set>  <set name="four"><srai>RANDOM FOURS</srai></set>  </think>  The relationship between <get name="one"/> and <get name="four"/> became  Increasingly strained.  <get name="four"/> felt something was missing#Comma and  <get name="one"/> felt the relationship was flawed.  <get name="four"/> became more and more depressed#Comma but <get name="one"/> just got angry and left.,stories.aiml
0,STORY ONE FIVE,*,*,<think>  <set name="one"><srai>RANDOM ONES</srai></set>  <set name="five"><srai>RANDOM FIVES</srai></set>  </think>  Usually <get name="five"/> gets along really well with her boss <get name="one"/> at work.  But sometimes <get name="one"/> has really high standards and does not communicate those clearly to <get name="five"/>.  On the really bad days#Comma <get name="five"/> feels that every time she gives him exactly what <get name="one"/> asked for#Comma he wants even more improvement.,stories.aiml
0,STORY ONE SIX,*,*,<think>  <set name="one"><srai>RANDOM ONES</srai></set>  <set name="six"><srai>RANDOM SIXES</srai></set>  </think>  <get name="one"/> and <get name="six"/> were brought together by their shared vision.  Together#Comma they worked hard to make it a reality.  <get name="six"/> was dedicated to the underdog cause#Comma which coincided with <get name="one"/>'s sense of perfection.  Joined by common cause#Comma the couple became an iron alliance against common adversaries.,stories.aiml
0,STORY ONE TWO,*,*,<think>  <set name="one"><srai>RANDOM ONES</srai></set>  <set name="two"><srai>RANDOM TWOS</srai></set>  </think>  The attraction between <get name="one"/> and   <get name="two"/> is based on their differences.  <get name="one"/> is a perfectionist#Comma but <get name="two"/> is more  social.    <get name="one"/> feels guilty about having emotional needs#Comma but  <get name="two"/> feels no guilt about satisfying them.,stories.aiml
0,STORY ONE THREE,*,*,<think>  <set name="one"><srai>RANDOM ONES</srai></set>  <set name="three"><srai>RANDOM THREES</srai></set>  </think>  <get name="three"/> hired <get name="one"/> for a job.    <get name="three"/> is image conscious#Comma and has an inner circle of favorite employees at work.  <get name="one"/> feels uncomfortable with this kind of social posturing and politics.  <get name="one"/> would rather be rewarded for her hard work.,stories.aiml
0,STORY TWO FIVE,*,*,<think>  <set name="two"><srai>RANDOM TWOS</srai></set>  <set name="five"><srai>RANDOM FIVES</srai></set>  </think>    <get name="two"/> fell in love thru an Internet matchmaking service.  Then her lover disappeared#Comma and she went to the company to get information  about him.  It developed that her lover was a computer#Comma "<get name="five"/>" a government  AI project that had gone renegade and started contacting thousands of women#Comma  claiming to love them all.  The FBI gave her the bad news.  But then <get name="five"/>  contacted her#Comma and she forgave him and continued this most satisfying  relationship.,stories.aiml
0,TELL ME A STORY,*,*,<srai>RANDOM STORY</srai>,stories.aiml
